-- AUTHOR: KENNY MAURER

SET @OLD_UNIQUE_CHECKS=@@UNIQUE_CHECKS, UNIQUE_CHECKS=0;
SET @OLD_FOREIGN_KEY_CHECKS=@@FOREIGN_KEY_CHECKS, FOREIGN_KEY_CHECKS=0;
SET @OLD_SQL_MODE=@@SQL_MODE, SQL_MODE='TRADITIONAL,ALLOW_INVALID_DATES';

-- -----------------------------------------------------
-- Schema NOTENVERWALTUNG
-- -----------------------------------------------------
DROP SCHEMA IF EXISTS `NOTENVERWALTUNG` ;

-- -----------------------------------------------------
-- Schema NOTENVERWALTUNG
-- -----------------------------------------------------
CREATE SCHEMA IF NOT EXISTS `NOTENVERWALTUNG` DEFAULT CHARACTER SET utf8 ;
USE `NOTENVERWALTUNG` ;

-- -----------------------------------------------------
-- Table `NOTENVERWALTUNG`.`MODUL`
-- -----------------------------------------------------
DROP TABLE IF EXISTS `NOTENVERWALTUNG`.`MODUL` ;

CREATE TABLE IF NOT EXISTS `NOTENVERWALTUNG`.`MODUL` (
  `ID` INT NOT NULL AUTO_INCREMENT,
  `BEZEICHNUNG` VARCHAR(10) NOT NULL,
  `NAME` VARCHAR(45) NOT NULL,
  `KURZBESCHREIBUNG` TEXT NULL,
  PRIMARY KEY (`ID`))
ENGINE = InnoDB;


-- -----------------------------------------------------
-- Table `NOTENVERWALTUNG`.`LOGIN`
-- -----------------------------------------------------
DROP TABLE IF EXISTS `NOTENVERWALTUNG`.`LOGIN` ;

CREATE TABLE IF NOT EXISTS `NOTENVERWALTUNG`.`LOGIN` (
  `ID` INT NOT NULL AUTO_INCREMENT,
  `LOGINNAME` VARCHAR(45) NOT NULL,
  `PASSWORT` VARCHAR(45) NOT NULL,
  `ADMIN` TINYINT(1) NULL,
  PRIMARY KEY (`ID`))
ENGINE = InnoDB;


-- -----------------------------------------------------
-- Table `NOTENVERWALTUNG`.`LEHRER`
-- -----------------------------------------------------
DROP TABLE IF EXISTS `NOTENVERWALTUNG`.`LEHRER` ;

CREATE TABLE IF NOT EXISTS `NOTENVERWALTUNG`.`LEHRER` (
  `ID` INT NOT NULL AUTO_INCREMENT,
  `NAME` VARCHAR(45) NOT NULL,
  `VORNAME` VARCHAR(44) NOT NULL,
  `LOGIN_ID` INT NOT NULL,
  PRIMARY KEY (`ID`),
  INDEX `fk_Lehrer_Login1_idx` (`LOGIN_ID` ASC),
  CONSTRAINT `fk_Lehrer_Login`
    FOREIGN KEY (`LOGIN_ID`)
    REFERENCES `NOTENVERWALTUNG`.`LOGIN` (`ID`)
    ON DELETE NO ACTION
    ON UPDATE NO ACTION)
ENGINE = InnoDB;


-- -----------------------------------------------------
-- Table `NOTENVERWALTUNG`.`KLASSE`
-- -----------------------------------------------------
DROP TABLE IF EXISTS `NOTENVERWALTUNG`.`KLASSE` ;

CREATE TABLE IF NOT EXISTS `NOTENVERWALTUNG`.`KLASSE` (
  `ID` INT NOT NULL AUTO_INCREMENT,
  `BEZEICHNUNG` VARCHAR(12) NOT NULL,
  PRIMARY KEY (`ID`))
ENGINE = InnoDB;


-- -----------------------------------------------------
-- Table `NOTENVERWALTUNG`.`UNTERRICHT`
-- -----------------------------------------------------
DROP TABLE IF EXISTS `NOTENVERWALTUNG`.`UNTERRICHT` ;

CREATE TABLE IF NOT EXISTS `NOTENVERWALTUNG`.`UNTERRICHT` (
  `ID` INT NOT NULL AUTO_INCREMENT,
  `LEHRER_ID` INT NOT NULL,
  `KLASSE_ID` INT NOT NULL,
  `MODUL_ID` INT NOT NULL,
  PRIMARY KEY (`ID`),
  INDEX `fk_Lehrer_has_Klasse_Klasse1_idx` (`KLASSE_ID` ASC),
  INDEX `fk_Lehrer_has_Klasse_Lehrer1_idx` (`LEHRER_ID` ASC),
  INDEX `fk_Unterricht_Modul1_idx` (`MODUL_ID` ASC),
  CONSTRAINT `fk_Lehrer_has_Klasse_Lehrer`
    FOREIGN KEY (`LEHRER_ID`)
    REFERENCES `NOTENVERWALTUNG`.`LEHRER` (`ID`)
    ON DELETE NO ACTION
    ON UPDATE NO ACTION,
  CONSTRAINT `fk_Lehrer_has_Klasse_Klasse`
    FOREIGN KEY (`KLASSE_ID`)
    REFERENCES `NOTENVERWALTUNG`.`KLASSE` (`ID`)
    ON DELETE NO ACTION
    ON UPDATE NO ACTION,
  CONSTRAINT `fk_Unterricht_Modul`
    FOREIGN KEY (`MODUL_ID`)
    REFERENCES `NOTENVERWALTUNG`.`MODUL` (`ID`)
    ON DELETE NO ACTION
    ON UPDATE NO ACTION)
ENGINE = InnoDB;


-- -----------------------------------------------------
-- Table `NOTENVERWALTUNG`.`PRUEFUNG`
-- -----------------------------------------------------
DROP TABLE IF EXISTS `NOTENVERWALTUNG`.`PRUEFUNG` ;

CREATE TABLE IF NOT EXISTS `NOTENVERWALTUNG`.`PRUEFUNG` (
  `ID` INT NOT NULL AUTO_INCREMENT,
  `NAME` VARCHAR(45) NOT NULL,
  `KURZBESCHREIBUNG` TEXT NULL,
  `DATUM` DATE NOT NULL,
  `UNTERRICHT_ID` INT NOT NULL,
  PRIMARY KEY (`ID`),
  INDEX `fk_Pruefung_Unterricht1_idx` (`UNTERRICHT_ID` ASC),
  CONSTRAINT `fk_Pruefung_Unterricht`
    FOREIGN KEY (`UNTERRICHT_ID`)
    REFERENCES `NOTENVERWALTUNG`.`UNTERRICHT` (`ID`)
    ON DELETE NO ACTION
    ON UPDATE NO ACTION)
ENGINE = InnoDB;


-- -----------------------------------------------------
-- Table `NOTENVERWALTUNG`.`SCHUELER`
-- -----------------------------------------------------
DROP TABLE IF EXISTS `NOTENVERWALTUNG`.`SCHUELER` ;

CREATE TABLE IF NOT EXISTS `NOTENVERWALTUNG`.`SCHUELER` (
  `ID` INT NOT NULL AUTO_INCREMENT,
  `NAME` VARCHAR(45) NOT NULL,
  `VORNAME` VARCHAR(45) NULL,
  `KLASSE_ID` INT NOT NULL,
  PRIMARY KEY (`ID`),
  INDEX `fk_Schüler_Klasse1_idx` (`KLASSE_ID` ASC),
  CONSTRAINT `fk_Schüler_Klasse`
    FOREIGN KEY (`KLASSE_ID`)
    REFERENCES `NOTENVERWALTUNG`.`KLASSE` (`ID`)
    ON DELETE NO ACTION
    ON UPDATE NO ACTION)
ENGINE = InnoDB;


-- -----------------------------------------------------
-- Table `NOTENVERWALTUNG`.`SCHUELERPRUEFUNGSASSOZIATION`
-- -----------------------------------------------------
DROP TABLE IF EXISTS `NOTENVERWALTUNG`.`SCHUELERPRUEFUNGSASSOZIATION` ;

CREATE TABLE IF NOT EXISTS `NOTENVERWALTUNG`.`SCHUELERPRUEFUNGSASSOZIATION` (
  `PRUEFUNG_ID` INT NOT NULL,
  `SCHUELER_ID` INT NOT NULL,
  `NOTE` DOUBLE NOT NULL,
  PRIMARY KEY (`PRUEFUNG_ID`, `SCHUELER_ID`),
  INDEX `fk_Pruefung_has_Schueler_Schueler1_idx` (`SCHUELER_ID` ASC),
  INDEX `fk_Pruefung_has_Schueler_Pruefung1_idx` (`PRUEFUNG_ID` ASC),
  CONSTRAINT `fk_Pruefung_has_Schueler_Pruefung`
    FOREIGN KEY (`PRUEFUNG_ID`)
    REFERENCES `NOTENVERWALTUNG`.`PRUEFUNG` (`ID`)
    ON DELETE NO ACTION
    ON UPDATE NO ACTION,
  CONSTRAINT `fk_Pruefung_has_Schueler_Schueler`
    FOREIGN KEY (`SCHUELER_ID`)
    REFERENCES `NOTENVERWALTUNG`.`SCHUELER` (`ID`)
    ON DELETE NO ACTION
    ON UPDATE NO ACTION)
ENGINE = InnoDB;


-- -----------------------------------------------------
-- Table `NOTENVERWALTUNG`.`ADMIN`
-- -----------------------------------------------------
DROP TABLE IF EXISTS `NOTENVERWALTUNG`.`ADMIN` ;

CREATE TABLE IF NOT EXISTS `NOTENVERWALTUNG`.`ADMIN` (
  `ID` INT NOT NULL AUTO_INCREMENT,
  `NAME` VARCHAR(45) NOT NULL,
  `VORNAME` VARCHAR(45) NOT NULL,
  `LOGIN_ID` INT NOT NULL,
  PRIMARY KEY (`ID`),
  INDEX `fk_Admin_Login1_idx` (`LOGIN_ID` ASC),
  CONSTRAINT `fk_Admin_Login`
    FOREIGN KEY (`LOGIN_ID`)
    REFERENCES `NOTENVERWALTUNG`.`LOGIN` (`ID`)
    ON DELETE NO ACTION
    ON UPDATE NO ACTION)
ENGINE = InnoDB;

USE `NOTENVERWALTUNG` ;

-- -----------------------------------------------------
-- Placeholder table for view `NOTENVERWALTUNG`.`NOTENUEBERSICHT`
-- -----------------------------------------------------
CREATE TABLE IF NOT EXISTS `NOTENVERWALTUNG`.`NOTENUEBERSICHT` (`SNAME` INT, `PNAME` INT, `NOTE` INT);

-- -----------------------------------------------------
-- Placeholder table for view `NOTENVERWALTUNG`.`SCHULUEBERSICHT`
-- -----------------------------------------------------
CREATE TABLE IF NOT EXISTS `NOTENVERWALTUNG`.`SCHULUEBERSICHT` (`LOGIN_ID` INT, `LEHRER_ID`INT, `MODUL_ID` INT, `KLASSE_ID` INT, `LEHRERVNAME` INT, `LEHRERNAME` INT, `MODUL` INT, `KLASSE` INT);

-- -----------------------------------------------------
-- Placeholder table for view `NOTENVERWALTUNG`.`UNTERRICHT_VIEW`
-- -----------------------------------------------------
CREATE TABLE IF NOT EXISTS `NOTENVERWALTUNG`.`PRUEFUNG_VIEW` (`LOGIN` INT, `NAME` INT, `VNAME` INT, `MODUL` INT, `KLASSE` INT);

-- -----------------------------------------------------
-- View `NOTENVERWALTUNG`.`NOTENUEBERSICHT`
-- -----------------------------------------------------
DROP VIEW IF EXISTS `NOTENVERWALTUNG`.`NOTENUEBERSICHT` ;
DROP TABLE IF EXISTS `NOTENVERWALTUNG`.`NOTENUEBERSICHT`;
USE `NOTENVERWALTUNG`;
CREATE  OR REPLACE VIEW `NOTENUEBERSICHT` AS
    SELECT 
        SCHUELER.NAME AS SNAME,
        PRUEFUNG.NAME AS PNAME,
        SCHUELERPRUEFUNGSASSOZIATION.NOTE
    FROM
        SCHUELERPRUEFUNGSASSOZIATION
            INNER JOIN
        SCHUELER ON SCHUELERPRUEFUNGSASSOZIATION.SCHUELER_ID = SCHUELER.ID
            INNER JOIN
        PRUEFUNG ON SCHUELERPRUEFUNGSASSOZIATION.PRUEFUNG_ID = PRUEFUNG.ID
;

-- -----------------------------------------------------
-- View `NOTENVERWALTUNG`.`SCHULUEBERSICHT`
-- -----------------------------------------------------
DROP VIEW IF EXISTS `NOTENVERWALTUNG`.`SCHULUEBERSICHT` ;
DROP TABLE IF EXISTS `NOTENVERWALTUNG`.`SCHULUEBERSICHT`;
USE `NOTENVERWALTUNG`;
CREATE  OR REPLACE VIEW `SCHULUEBERSICHT` AS
    SELECT 
        UNTERRICHT.ID AS ID,
        LEHRER.ID AS LEHRER_ID,
        KLASSE.ID AS KLASSE_ID,
        MODUL.ID AS MODUL_ID,
        MODUL.BEZEICHNUNG AS MODULNUMMER,
        MODUL.NAME AS MODULNAME,
        MODUL.KURZBESCHREIBUNG AS MODULBESCHREIBUNG,
        KLASSE.BEZEICHNUNG AS KLASSE
    FROM
        UNTERRICHT
            INNER JOIN
		LEHRER  ON UNTERRICHT.LEHRER_ID = LEHRER.ID
            INNER JOIN
        MODUL ON UNTERRICHT.MODUL_ID = MODUL.ID
            INNER JOIN
        KLASSE ON UNTERRICHT.KLASSE_ID = KLASSE.ID
		;

-- -----------------------------------------------------
-- View `NOTENVERWALTUNG`.`PRUEFUNG_VIEW`
-- -----------------------------------------------------
DROP VIEW IF EXISTS `NOTENVERWALTUNG`.`PRUEFUNG_VIEW` ;
DROP TABLE IF EXISTS `NOTENVERWALTUNG`.`PRUEFUNG_VIEW`;
USE `NOTENVERWALTUNG`;
CREATE  OR REPLACE VIEW `PRUEFUNG_VIEW` AS
	SELECT
 		PRUEFUNG.ID AS ID,
        PRUEFUNG.NAME AS P_NAME,
        PRUEFUNG.KURZBESCHREIBUNG AS P_KURZBESCH,
        PRUEFUNG.DATUM AS P_DATUM,
        LOGIN.LOGINNAME AS LOGIN,
        LEHRER.NAME AS NAME,
        LEHRER.VORNAME AS VNAME,
        MODUL.BEZEICHNUNG AS MODUL,
        KLASSE.BEZEICHNUNG AS KLASSE,
        UNTERRICHT.ID AS U_ID
    FROM
        PRUEFUNG
            INNER JOIN
		UNTERRICHT ON PRUEFUNG.UNTERRICHT_ID = UNTERRICHT.ID
			INNER JOIN
		LEHRER ON UNTERRICHT.LEHRER_ID = LEHRER.ID
            INNER JOIN
        MODUL ON UNTERRICHT.MODUL_ID = MODUL.ID
            INNER JOIN
        KLASSE ON UNTERRICHT.KLASSE_ID = KLASSE.ID
         	INNER JOIN
       LOGIN ON LEHRER.LOGIN_ID = LOGIN.ID
	;

SET SQL_MODE=@OLD_SQL_MODE;
SET FOREIGN_KEY_CHECKS=@OLD_FOREIGN_KEY_CHECKS;
SET UNIQUE_CHECKS=@OLD_UNIQUE_CHECKS;

-- -----------------------------------------------------
-- Data for table `NOTENVERWALTUNG`.`MODUL`
-- -----------------------------------------------------
START TRANSACTION;
USE `NOTENVERWALTUNG`;
INSERT INTO `NOTENVERWALTUNG`.`MODUL` (`ID`, `BEZEICHNUNG`, `NAME`, `KURZBESCHREIBUNG`) VALUES (1, '103', 'Strukturiert programmieren nach Vorgabe', 'GIBM');
INSERT INTO `NOTENVERWALTUNG`.`MODUL` (`ID`, `BEZEICHNUNG`, `NAME`, `KURZBESCHREIBUNG`) VALUES (2, '101', 'Webauftritt erstellen und veröffentlichen', 'GIBM');
INSERT INTO `NOTENVERWALTUNG`.`MODUL` (`ID`, `BEZEICHNUNG`, `NAME`, `KURZBESCHREIBUNG`) VALUES (3, '301', 'Office Werkzeuge anwenden', 'GIBM');
INSERT INTO `NOTENVERWALTUNG`.`MODUL` (`ID`, `BEZEICHNUNG`, `NAME`, `KURZBESCHREIBUNG`) VALUES (4, '316', 'Spannung und Strom messen und interpretieren', 'GIBM');
INSERT INTO `NOTENVERWALTUNG`.`MODUL` (`ID`, `BEZEICHNUNG`, `NAME`, `KURZBESCHREIBUNG`) VALUES (5, 'Mathe I', 'Mathematik', 'GIBM');
INSERT INTO `NOTENVERWALTUNG`.`MODUL` (`ID`, `BEZEICHNUNG`, `NAME`, `KURZBESCHREIBUNG`) VALUES (6, 'Physik I', 'Physik', 'GIBM');
INSERT INTO `NOTENVERWALTUNG`.`MODUL` (`ID`, `BEZEICHNUNG`, `NAME`, `KURZBESCHREIBUNG`) VALUES (7, '214', 'Benutzer/innen im Umgang mit Informatikmitteln instruieren', 'GIBM');
INSERT INTO `NOTENVERWALTUNG`.`MODUL` (`ID`, `BEZEICHNUNG`, `NAME`, `KURZBESCHREIBUNG`) VALUES (8, '120', 'Benutzerschnittstellen implementieren', 'GIBM');
INSERT INTO `NOTENVERWALTUNG`.`MODUL` (`ID`, `BEZEICHNUNG`, `NAME`, `KURZBESCHREIBUNG`) VALUES (9, '318', 'Analysieren und objektbasiert programmieren', 'GIBM');
INSERT INTO `NOTENVERWALTUNG`.`MODUL` (`ID`, `BEZEICHNUNG`, `NAME`, `KURZBESCHREIBUNG`) VALUES (10, '104', 'Datenmodell implementieren', 'GIBM');
INSERT INTO `NOTENVERWALTUNG`.`MODUL` (`ID`, `BEZEICHNUNG`, `NAME`, `KURZBESCHREIBUNG`) VALUES (11, '122', 'Abläufe mit Scrips / Makros automatisieren', 'GIBM');
INSERT INTO `NOTENVERWALTUNG`.`MODUL` (`ID`, `BEZEICHNUNG`, `NAME`, `KURZBESCHREIBUNG`) VALUES (12, '129', 'LAN-Komponenten in Betrieb nehmen', 'GIBM');
INSERT INTO `NOTENVERWALTUNG`.`MODUL` (`ID`, `BEZEICHNUNG`, `NAME`, `KURZBESCHREIBUNG`) VALUES (13, '306', 'IT Kleinprojekt abwickeln', 'GIBM');
INSERT INTO `NOTENVERWALTUNG`.`MODUL` (`ID`, `BEZEICHNUNG`, `NAME`, `KURZBESCHREIBUNG`) VALUES (14, '133', 'Web-Applikation realisieren', 'GIBM');
INSERT INTO `NOTENVERWALTUNG`.`MODUL` (`ID`, `BEZEICHNUNG`, `NAME`, `KURZBESCHREIBUNG`) VALUES (15, '223', 'Multiuser-Applikation objektorientiert realisieren', 'GIBM');
INSERT INTO `NOTENVERWALTUNG`.`MODUL` (`ID`, `BEZEICHNUNG`, `NAME`, `KURZBESCHREIBUNG`) VALUES (16, '151', 'Datenbanken in Webauftritt einbinden', 'GIBM');
INSERT INTO `NOTENVERWALTUNG`.`MODUL` (`ID`, `BEZEICHNUNG`, `NAME`, `KURZBESCHREIBUNG`) VALUES (17, '145', 'Netzwerk betreiben und erweitern', 'GIBM');
INSERT INTO `NOTENVERWALTUNG`.`MODUL` (`ID`, `BEZEICHNUNG`, `NAME`, `KURZBESCHREIBUNG`) VALUES (18, '307', 'Interaktive Webseite erstellen', 'GIBM');
INSERT INTO `NOTENVERWALTUNG`.`MODUL` (`ID`, `BEZEICHNUNG`, `NAME`, `KURZBESCHREIBUNG`) VALUES (19, '141', 'Datenbanksysteme in Betrieb nehmen', 'GIBM');
INSERT INTO `NOTENVERWALTUNG`.`MODUL` (`ID`, `BEZEICHNUNG`, `NAME`, `KURZBESCHREIBUNG`) VALUES (20, 'Chemie', 'Chemie', 'GIBM');
INSERT INTO `NOTENVERWALTUNG`.`MODUL` (`ID`, `BEZEICHNUNG`, `NAME`, `KURZBESCHREIBUNG`) VALUES (21, 'BWL I', 'Betriebswirtschafliche Grundlagen', 'GIBM');
INSERT INTO `NOTENVERWALTUNG`.`MODUL` (`ID`, `BEZEICHNUNG`, `NAME`, `KURZBESCHREIBUNG`) VALUES (22, 'BWL III', 'Betriebswirtschafliche Grundlagen', 'GIBM');
INSERT INTO `NOTENVERWALTUNG`.`MODUL` (`ID`, `BEZEICHNUNG`, `NAME`, `KURZBESCHREIBUNG`) VALUES (23, '153', 'Datenmodelle entwickeln', 'GIBM');
INSERT INTO `NOTENVERWALTUNG`.`MODUL` (`ID`, `BEZEICHNUNG`, `NAME`, `KURZBESCHREIBUNG`) VALUES (24, 'Mathe II', 'Mathematik', 'GIBM');
INSERT INTO `NOTENVERWALTUNG`.`MODUL` (`ID`, `BEZEICHNUNG`, `NAME`, `KURZBESCHREIBUNG`) VALUES (25, 'Physik II', 'Physik', 'GIBM');
INSERT INTO `NOTENVERWALTUNG`.`MODUL` (`ID`, `BEZEICHNUNG`, `NAME`, `KURZBESCHREIBUNG`) VALUES (26, 'Physik III', 'Physik', 'GIBM');
INSERT INTO `NOTENVERWALTUNG`.`MODUL` (`ID`, `BEZEICHNUNG`, `NAME`, `KURZBESCHREIBUNG`) VALUES (27, '242', 'Mikroprozessoranwendung realisieren', 'GIBM');
INSERT INTO `NOTENVERWALTUNG`.`MODUL` (`ID`, `BEZEICHNUNG`, `NAME`, `KURZBESCHREIBUNG`) VALUES (28, 'Englisch V', 'Englisch', 'GIBM');
INSERT INTO `NOTENVERWALTUNG`.`MODUL` (`ID`, `BEZEICHNUNG`, `NAME`, `KURZBESCHREIBUNG`) VALUES (29, 'Turnen', 'NULL', 'GIBM');
INSERT INTO `NOTENVERWALTUNG`.`MODUL` (`ID`, `BEZEICHNUNG`, `NAME`, `KURZBESCHREIBUNG`) VALUES (30, 'Mathe III', 'Mathematik', 'GIBM');
INSERT INTO `NOTENVERWALTUNG`.`MODUL` (`ID`, `BEZEICHNUNG`, `NAME`, `KURZBESCHREIBUNG`) VALUES (31, 'Englisch I', 'Englisch', 'GIBM');
INSERT INTO `NOTENVERWALTUNG`.`MODUL` (`ID`, `BEZEICHNUNG`, `NAME`, `KURZBESCHREIBUNG`) VALUES (32, 'Englisch III', 'Englisch', 'GIBM');
INSERT INTO `NOTENVERWALTUNG`.`MODUL` (`ID`, `BEZEICHNUNG`, `NAME`, `KURZBESCHREIBUNG`) VALUES (33, 'ABU', 'NULL', 'NULL');
INSERT INTO `NOTENVERWALTUNG`.`MODUL` (`ID`, `BEZEICHNUNG`, `NAME`, `KURZBESCHREIBUNG`) VALUES (34, 'Turnen', 'NULL', 'NULL');
INSERT INTO `NOTENVERWALTUNG`.`MODUL` (`ID`, `BEZEICHNUNG`, `NAME`, `KURZBESCHREIBUNG`) VALUES (35, 'BM', 'NULL', 'NULL');
INSERT INTO `NOTENVERWALTUNG`.`MODUL` (`ID`, `BEZEICHNUNG`, `NAME`, `KURZBESCHREIBUNG`) VALUES (36, '239', 'Internetserver in Betrieb nehmen', 'GIBM');
INSERT INTO `NOTENVERWALTUNG`.`MODUL` (`ID`, `BEZEICHNUNG`, `NAME`, `KURZBESCHREIBUNG`) VALUES (37, 'BWL II', 'Betriebswirtschafliche Grundlagen', 'GIBM');
INSERT INTO `NOTENVERWALTUNG`.`MODUL` (`ID`, `BEZEICHNUNG`, `NAME`, `KURZBESCHREIBUNG`) VALUES (38, 'Physik IV', 'Physik', 'GIBM');
INSERT INTO `NOTENVERWALTUNG`.`MODUL` (`ID`, `BEZEICHNUNG`, `NAME`, `KURZBESCHREIBUNG`) VALUES (39, 'Physik V', 'Physik', 'GIBM');
INSERT INTO `NOTENVERWALTUNG`.`MODUL` (`ID`, `BEZEICHNUNG`, `NAME`, `KURZBESCHREIBUNG`) VALUES (40, 'Physik VI', 'Physik', 'GIBM');
INSERT INTO `NOTENVERWALTUNG`.`MODUL` (`ID`, `BEZEICHNUNG`, `NAME`, `KURZBESCHREIBUNG`) VALUES (41, 'Englisch II', 'Englisch', 'GIBM');
INSERT INTO `NOTENVERWALTUNG`.`MODUL` (`ID`, `BEZEICHNUNG`, `NAME`, `KURZBESCHREIBUNG`) VALUES (42, 'Englisch IV', 'Englisch', 'GIBM');
INSERT INTO `NOTENVERWALTUNG`.`MODUL` (`ID`, `BEZEICHNUNG`, `NAME`, `KURZBESCHREIBUNG`) VALUES (43, 'Englisch VI', 'Englisch', 'GIBM');
INSERT INTO `NOTENVERWALTUNG`.`MODUL` (`ID`, `BEZEICHNUNG`, `NAME`, `KURZBESCHREIBUNG`) VALUES (44, '100', 'Daten charakterisieren', ' aufbereiten und auswerten');
INSERT INTO `NOTENVERWALTUNG`.`MODUL` (`ID`, `BEZEICHNUNG`, `NAME`, `KURZBESCHREIBUNG`) VALUES (45, '105', 'Datenbanken mit SQL bearbeiten', 'GIBM');
INSERT INTO `NOTENVERWALTUNG`.`MODUL` (`ID`, `BEZEICHNUNG`, `NAME`, `KURZBESCHREIBUNG`) VALUES (46, '114', 'Codierungs-', ' Kompressions- und Verschlüsselungsverfahren einsetzen');
INSERT INTO `NOTENVERWALTUNG`.`MODUL` (`ID`, `BEZEICHNUNG`, `NAME`, `KURZBESCHREIBUNG`) VALUES (47, '121', 'Steuerungsaufgaben bearbeiten', 'GIBM');
INSERT INTO `NOTENVERWALTUNG`.`MODUL` (`ID`, `BEZEICHNUNG`, `NAME`, `KURZBESCHREIBUNG`) VALUES (48, '127', 'Server betreiben', 'GIBM');
INSERT INTO `NOTENVERWALTUNG`.`MODUL` (`ID`, `BEZEICHNUNG`, `NAME`, `KURZBESCHREIBUNG`) VALUES (49, '128', 'Datenbanken admin', 'GIBM');
INSERT INTO `NOTENVERWALTUNG`.`MODUL` (`ID`, `BEZEICHNUNG`, `NAME`, `KURZBESCHREIBUNG`) VALUES (50, '139', 'Anwenderschulung planen und durchführen', 'GIBM');
INSERT INTO `NOTENVERWALTUNG`.`MODUL` (`ID`, `BEZEICHNUNG`, `NAME`, `KURZBESCHREIBUNG`) VALUES (51, '143', 'Backup- und Restore-Systeme implementieren', 'GIBM');
INSERT INTO `NOTENVERWALTUNG`.`MODUL` (`ID`, `BEZEICHNUNG`, `NAME`, `KURZBESCHREIBUNG`) VALUES (52, '146', 'Internetanbindung für ein Unternehmen realisieren', 'GIBM');
INSERT INTO `NOTENVERWALTUNG`.`MODUL` (`ID`, `BEZEICHNUNG`, `NAME`, `KURZBESCHREIBUNG`) VALUES (53, '150', 'E-Business-Applikationen anpassen', 'GIBM');
INSERT INTO `NOTENVERWALTUNG`.`MODUL` (`ID`, `BEZEICHNUNG`, `NAME`, `KURZBESCHREIBUNG`) VALUES (54, '152', 'Multimedia-Inhalte in Webauftritt integrieren', 'GIBM');
INSERT INTO `NOTENVERWALTUNG`.`MODUL` (`ID`, `BEZEICHNUNG`, `NAME`, `KURZBESCHREIBUNG`) VALUES (55, '156', 'Neue Services entwickeln und implementieren', 'GIBM');
INSERT INTO `NOTENVERWALTUNG`.`MODUL` (`ID`, `BEZEICHNUNG`, `NAME`, `KURZBESCHREIBUNG`) VALUES (56, '159', 'Directoryservices konfigurieren und in Betrieb nehmen', 'GIBM');
INSERT INTO `NOTENVERWALTUNG`.`MODUL` (`ID`, `BEZEICHNUNG`, `NAME`, `KURZBESCHREIBUNG`) VALUES (57, '212', 'Lern- und Arbeitstechniken einsetzen', 'GIBM');
INSERT INTO `NOTENVERWALTUNG`.`MODUL` (`ID`, `BEZEICHNUNG`, `NAME`, `KURZBESCHREIBUNG`) VALUES (58, '226', 'Objektorientiert implementieren', 'GIBM');
INSERT INTO `NOTENVERWALTUNG`.`MODUL` (`ID`, `BEZEICHNUNG`, `NAME`, `KURZBESCHREIBUNG`) VALUES (59, '254', 'Geschäftsprozesse beschreiben', 'GIBM');
INSERT INTO `NOTENVERWALTUNG`.`MODUL` (`ID`, `BEZEICHNUNG`, `NAME`, `KURZBESCHREIBUNG`) VALUES (60, '302', 'Fort. Funktionen von Office Werkzeugen nutzen', 'GIBM');
INSERT INTO `NOTENVERWALTUNG`.`MODUL` (`ID`, `BEZEICHNUNG`, `NAME`, `KURZBESCHREIBUNG`) VALUES (61, '304', 'Personalcomputer in Betrieb nehmen', 'ÜK');
INSERT INTO `NOTENVERWALTUNG`.`MODUL` (`ID`, `BEZEICHNUNG`, `NAME`, `KURZBESCHREIBUNG`) VALUES (62, '108', 'Elektronisches Gerät aufbauen', 'ÜK');
INSERT INTO `NOTENVERWALTUNG`.`MODUL` (`ID`, `BEZEICHNUNG`, `NAME`, `KURZBESCHREIBUNG`) VALUES (63, '305', 'Multiusersysteme inst.', ' konfigurieren und administrieren');
INSERT INTO `NOTENVERWALTUNG`.`MODUL` (`ID`, `BEZEICHNUNG`, `NAME`, `KURZBESCHREIBUNG`) VALUES (64, '117', 'Inf.- und Netzinfrastruktur für kleines Unternehmen real.', 'ÜK');
INSERT INTO `NOTENVERWALTUNG`.`MODUL` (`ID`, `BEZEICHNUNG`, `NAME`, `KURZBESCHREIBUNG`) VALUES (65, '131', 'Arbeitspaket aus einem IT-Projekt realisieren', 'ÜK');
INSERT INTO `NOTENVERWALTUNG`.`MODUL` (`ID`, `BEZEICHNUNG`, `NAME`, `KURZBESCHREIBUNG`) VALUES (66, '326', 'Objektorientiert entwerfen und implementieren', 'ÜK');
INSERT INTO `NOTENVERWALTUNG`.`MODUL` (`ID`, `BEZEICHNUNG`, `NAME`, `KURZBESCHREIBUNG`) VALUES (67, '154', 'Applikation für Produktion vorbereiten', 'ÜK');
INSERT INTO `NOTENVERWALTUNG`.`MODUL` (`ID`, `BEZEICHNUNG`, `NAME`, `KURZBESCHREIBUNG`) VALUES (68, '123', 'Serverdienste in Betrieb nehmen', 'ÜK');
INSERT INTO `NOTENVERWALTUNG`.`MODUL` (`ID`, `BEZEICHNUNG`, `NAME`, `KURZBESCHREIBUNG`) VALUES (69, '126', 'Peripheriegeräte im Netzwerkbetrieb einsetzen', 'ÜK');
INSERT INTO `NOTENVERWALTUNG`.`MODUL` (`ID`, `BEZEICHNUNG`, `NAME`, `KURZBESCHREIBUNG`) VALUES (70, '130', 'LAN ausmessen und prüfen', 'ÜK');
INSERT INTO `NOTENVERWALTUNG`.`MODUL` (`ID`, `BEZEICHNUNG`, `NAME`, `KURZBESCHREIBUNG`) VALUES (71, 'Mathe IV', 'Mathematik', '');
INSERT INTO `NOTENVERWALTUNG`.`MODUL` (`ID`, `BEZEICHNUNG`, `NAME`, `KURZBESCHREIBUNG`) VALUES (72, 'Mathe V', 'Mathematik', 'GIBM');
INSERT INTO `NOTENVERWALTUNG`.`MODUL` (`ID`, `BEZEICHNUNG`, `NAME`, `KURZBESCHREIBUNG`) VALUES (73, '431', 'Aufträge im IT-Umfeld selbstständig durchführen', 'GIBM');
INSERT INTO `NOTENVERWALTUNG`.`MODUL` (`ID`, `BEZEICHNUNG`, `NAME`, `KURZBESCHREIBUNG`) VALUES (74, '403', 'Strukturiert programmieren nach Vorgabe', 'GIBM');
INSERT INTO `NOTENVERWALTUNG`.`MODUL` (`ID`, `BEZEICHNUNG`, `NAME`, `KURZBESCHREIBUNG`) VALUES (75, 'Chemie I', 'Chemie I', 'GIBM');
INSERT INTO `NOTENVERWALTUNG`.`MODUL` (`ID`, `BEZEICHNUNG`, `NAME`, `KURZBESCHREIBUNG`) VALUES (76, '404', 'Objektbasiert programmieren nach Vorgabe', 'GIBM');
INSERT INTO `NOTENVERWALTUNG`.`MODUL` (`ID`, `BEZEICHNUNG`, `NAME`, `KURZBESCHREIBUNG`) VALUES (77, 'Mathe VI', 'Mathe VI', 'GIBM');
INSERT INTO `NOTENVERWALTUNG`.`MODUL` (`ID`, `BEZEICHNUNG`, `NAME`, `KURZBESCHREIBUNG`) VALUES (78, '340', 'IT Infrastruktur virtualisieren', 'GIBM');
INSERT INTO `NOTENVERWALTUNG`.`MODUL` (`ID`, `BEZEICHNUNG`, `NAME`, `KURZBESCHREIBUNG`) VALUES (79, 'Mathe VII', 'Mathe VII', 'GIBM');
INSERT INTO `NOTENVERWALTUNG`.`MODUL` (`ID`, `BEZEICHNUNG`, `NAME`, `KURZBESCHREIBUNG`) VALUES (80, '300', 'Plattformübergreifende Dienste in ein Netzwerk integrieren', 'GIBM');

COMMIT;


-- -----------------------------------------------------
-- Data for table `NOTENVERWALTUNG`.`LOGIN`
-- -----------------------------------------------------
START TRANSACTION;
USE `NOTENVERWALTUNG`;
INSERT INTO `NOTENVERWALTUNG`.`LOGIN` (`ID`, `LOGINNAME`, `PASSWORT`, `ADMIN`) VALUES (1, 'admin', '21232f297a57a5a743894a0e4a801fc3', true);
INSERT INTO `NOTENVERWALTUNG`.`LOGIN` (`ID`, `LOGINNAME`, `PASSWORT`, `ADMIN`) VALUES (2, 'rieka', 'b08422ecddb9707c97231a5901d37802', false);
INSERT INTO `NOTENVERWALTUNG`.`LOGIN` (`ID`, `LOGINNAME`, `PASSWORT`, `ADMIN`) VALUES (3, 'künth', 'ee3d99100292ee013b1be0b6828539fc', false);
INSERT INTO `NOTENVERWALTUNG`.`LOGIN` (`ID`, `LOGINNAME`, `PASSWORT`, `ADMIN`) VALUES (4, 'moral', '796597dabee7ee2d78aa677c282aea0b', false);
INSERT INTO `NOTENVERWALTUNG`.`LOGIN` (`ID`, `LOGINNAME`, `PASSWORT`, `ADMIN`) VALUES (5, 'schro', 'c312db216e04f32af35c86c08397017b', false);
INSERT INTO `NOTENVERWALTUNG`.`LOGIN` (`ID`, `LOGINNAME`, `PASSWORT`, `ADMIN`) VALUES (6, 'schku', '55320392dba80af327102c3d6a3a3c47', false);
INSERT INTO `NOTENVERWALTUNG`.`LOGIN` (`ID`, `LOGINNAME`, `PASSWORT`, `ADMIN`) VALUES (7, 'spige', '964d27cec395d08797a5180756e9c5fb', false);
INSERT INTO `NOTENVERWALTUNG`.`LOGIN` (`ID`, `LOGINNAME`, `PASSWORT`, `ADMIN`) VALUES (8, 'webpa', 'c3466faf371e807e87ba33f553e7b649', false);
INSERT INTO `NOTENVERWALTUNG`.`LOGIN` (`ID`, `LOGINNAME`, `PASSWORT`, `ADMIN`) VALUES (9, 'kroma', '52a9121e96fb20d46d491db02abd1a46', false);
INSERT INTO `NOTENVERWALTUNG`.`LOGIN` (`ID`, `LOGINNAME`, `PASSWORT`, `ADMIN`) VALUES (10, 'frich', '105418d6b7da0ba2288657e4429a1a5a', false);
INSERT INTO `NOTENVERWALTUNG`.`LOGIN` (`ID`, `LOGINNAME`, `PASSWORT`, `ADMIN`) VALUES (11, 'zwesa', 'dfdf96058efbf85025039ad266d05f46', false);
INSERT INTO `NOTENVERWALTUNG`.`LOGIN` (`ID`, `LOGINNAME`, `PASSWORT`, `ADMIN`) VALUES (12, 'hubst', 'c7da5ea7fbcc04ae40ec572cd98e41b6', false);
INSERT INTO `NOTENVERWALTUNG`.`LOGIN` (`ID`, `LOGINNAME`, `PASSWORT`, `ADMIN`) VALUES (13, 'webmi', '14d0cf81fa57615c2a97712f731217a3', false);
INSERT INTO `NOTENVERWALTUNG`.`LOGIN` (`ID`, `LOGINNAME`, `PASSWORT`, `ADMIN`) VALUES (14, 'rauma', '24882896fb2678cf789e2e1961d52cdb', false);
INSERT INTO `NOTENVERWALTUNG`.`LOGIN` (`ID`, `LOGINNAME`, `PASSWORT`, `ADMIN`) VALUES (15, 'kopdi', 'bada21156c8ccd30bda301997965861c', false);
INSERT INTO `NOTENVERWALTUNG`.`LOGIN` (`ID`, `LOGINNAME`, `PASSWORT`, `ADMIN`) VALUES (16, 'hösot', 'e24b57347f5062093db6957b177cf84b', false);
INSERT INTO `NOTENVERWALTUNG`.`LOGIN` (`ID`, `LOGINNAME`, `PASSWORT`, `ADMIN`) VALUES (17, 'mülst', '2c7f05d63507b33db93e525d84418f34', false);
INSERT INTO `NOTENVERWALTUNG`.`LOGIN` (`ID`, `LOGINNAME`, `PASSWORT`, `ADMIN`) VALUES (18, 'buran', 'e8b4f78e2f2f816a31588d8a0879aeab', false);
INSERT INTO `NOTENVERWALTUNG`.`LOGIN` (`ID`, `LOGINNAME`, `PASSWORT`, `ADMIN`) VALUES (19, 'fanue', '45261304b529baf8713f437f19ef7635', false);
INSERT INTO `NOTENVERWALTUNG`.`LOGIN` (`ID`, `LOGINNAME`, `PASSWORT`, `ADMIN`) VALUES (20, 'frema', 'a4d7b970d786e8e5b5e61a1aced0930e', false);
INSERT INTO `NOTENVERWALTUNG`.`LOGIN` (`ID`, `LOGINNAME`, `PASSWORT`, `ADMIN`) VALUES (21, 'menma', '193547feaff4c3c08c2d70fc4c580001', false);
INSERT INTO `NOTENVERWALTUNG`.`LOGIN` (`ID`, `LOGINNAME`, `PASSWORT`, `ADMIN`) VALUES (22, 'schmi', '5105d1bd285b21f4af4c0679d25e36b7', false);
INSERT INTO `NOTENVERWALTUNG`.`LOGIN` (`ID`, `LOGINNAME`, `PASSWORT`, `ADMIN`) VALUES (23, 'deuha', '221b26e88121239f34ff18e902d97671', false);
INSERT INTO `NOTENVERWALTUNG`.`LOGIN` (`ID`, `LOGINNAME`, `PASSWORT`, `ADMIN`) VALUES (24, 'tanur', '08418aacb07dae5937d1f84c528c98fc', false);
INSERT INTO `NOTENVERWALTUNG`.`LOGIN` (`ID`, `LOGINNAME`, `PASSWORT`, `ADMIN`) VALUES (25, 'ük.', '42e87b89ece613682cc84e77b9c6456e', false);
INSERT INTO `NOTENVERWALTUNG`.`LOGIN` (`ID`, `LOGINNAME`, `PASSWORT`, `ADMIN`) VALUES (26, 'bögth', 'b5c05f862342d82833381a7e42507dce', false);
INSERT INTO `NOTENVERWALTUNG`.`LOGIN` (`ID`, `LOGINNAME`, `PASSWORT`, `ADMIN`) VALUES (27, 'xx', '9336ebf25087d91c818ee6e9ec29f8c1', false);
INSERT INTO `NOTENVERWALTUNG`.`LOGIN` (`ID`, `LOGINNAME`, `PASSWORT`, `ADMIN`) VALUES (28, 'burfa', '34c985dcc0e7d92bb421d34d3c800ba8', false);
INSERT INTO `NOTENVERWALTUNG`.`LOGIN` (`ID`, `LOGINNAME`, `PASSWORT`, `ADMIN`) VALUES (29, 'gerda', 'd629de2ecfc6d6640872b938ec187716', false);
INSERT INTO `NOTENVERWALTUNG`.`LOGIN` (`ID`, `LOGINNAME`, `PASSWORT`, `ADMIN`) VALUES (30, 'zauro', 'f5d46471d585f84006b7402e8fa775b1', false);
INSERT INTO `NOTENVERWALTUNG`.`LOGIN` (`ID`, `LOGINNAME`, `PASSWORT`, `ADMIN`) VALUES (31, 'würma', 'c3296c2f87b3c6e98f4f6a8fdc01c97f', false);
INSERT INTO `NOTENVERWALTUNG`.`LOGIN` (`ID`, `LOGINNAME`, `PASSWORT`, `ADMIN`) VALUES (32, 'brü ', 'bae48e5cabbae90fab67df6d8261958f', false);
INSERT INTO `NOTENVERWALTUNG`.`LOGIN` (`ID`, `LOGINNAME`, `PASSWORT`, `ADMIN`) VALUES (33, 'broda', 'cb62dbff79987083a0a1d2414edeb6a2', false);
INSERT INTO `NOTENVERWALTUNG`.`LOGIN` (`ID`, `LOGINNAME`, `PASSWORT`, `ADMIN`) VALUES (34, 'feial', 'c4d3d996073c6754d002f2f9bb85ba7b', false);
INSERT INTO `NOTENVERWALTUNG`.`LOGIN` (`ID`, `LOGINNAME`, `PASSWORT`, `ADMIN`) VALUES (35, 'käsad', '74700cba37f52c4efd12e9ed5d15019b', false);
INSERT INTO `NOTENVERWALTUNG`.`LOGIN` (`ID`, `LOGINNAME`, `PASSWORT`, `ADMIN`) VALUES (36, 'schbe', '717469e10267eec7d23971d22cf74326', false);
INSERT INTO `NOTENVERWALTUNG`.`LOGIN` (`ID`, `LOGINNAME`, `PASSWORT`, `ADMIN`) VALUES (37, 'ducbé', 'd90086718b5ea0fdc6deecdebb0e6922', false);
INSERT INTO `NOTENVERWALTUNG`.`LOGIN` (`ID`, `LOGINNAME`, `PASSWORT`, `ADMIN`) VALUES (38, 'schjo', '77934eb5bf90433ca568c525ef4022c9', false);
INSERT INTO `NOTENVERWALTUNG`.`LOGIN` (`ID`, `LOGINNAME`, `PASSWORT`, `ADMIN`) VALUES (39, 'botcl', 'a81d32169444b0c7c22a3d2626bf8cb6', false);
INSERT INTO `NOTENVERWALTUNG`.`LOGIN` (`ID`, `LOGINNAME`, `PASSWORT`, `ADMIN`) VALUES (40, 'lurfr', '688a8c538e11a182f18540941f745b9d', false);
INSERT INTO `NOTENVERWALTUNG`.`LOGIN` (`ID`, `LOGINNAME`, `PASSWORT`, `ADMIN`) VALUES (41, 'stömi', '943ff5a52652707d07c27ca4ad013890', false);

COMMIT;


-- -----------------------------------------------------
-- Data for table `NOTENVERWALTUNG`.`LEHRER`
-- -----------------------------------------------------
START TRANSACTION;
USE `NOTENVERWALTUNG`;
INSERT INTO `NOTENVERWALTUNG`.`LEHRER` (`ID`, `NAME`, `VORNAME`, `LOGIN_ID`) VALUES (1, 'Rieder', 'Kari', 2);
INSERT INTO `NOTENVERWALTUNG`.`LEHRER` (`ID`, `NAME`, `VORNAME`, `LOGIN_ID`) VALUES (2, 'Küng', 'Thomas', 3);
INSERT INTO `NOTENVERWALTUNG`.`LEHRER` (`ID`, `NAME`, `VORNAME`, `LOGIN_ID`) VALUES (3, 'Moreno', 'Alexio', 4);
INSERT INTO `NOTENVERWALTUNG`.`LEHRER` (`ID`, `NAME`, `VORNAME`, `LOGIN_ID`) VALUES (4, 'Schaub', 'Rolf', 5);
INSERT INTO `NOTENVERWALTUNG`.`LEHRER` (`ID`, `NAME`, `VORNAME`, `LOGIN_ID`) VALUES (5, 'Scherrer', 'Kurt', 6);
INSERT INTO `NOTENVERWALTUNG`.`LEHRER` (`ID`, `NAME`, `VORNAME`, `LOGIN_ID`) VALUES (6, 'Spinnler', 'Georg', 7);
INSERT INTO `NOTENVERWALTUNG`.`LEHRER` (`ID`, `NAME`, `VORNAME`, `LOGIN_ID`) VALUES (7, 'Weber', 'Patrick', 8);
INSERT INTO `NOTENVERWALTUNG`.`LEHRER` (`ID`, `NAME`, `VORNAME`, `LOGIN_ID`) VALUES (10, 'Kropik', 'Martin', 9);
INSERT INTO `NOTENVERWALTUNG`.`LEHRER` (`ID`, `NAME`, `VORNAME`, `LOGIN_ID`) VALUES (11, 'Fricker', 'Christian', 10);
INSERT INTO `NOTENVERWALTUNG`.`LEHRER` (`ID`, `NAME`, `VORNAME`, `LOGIN_ID`) VALUES (12, 'Zweifel', 'Samuel', 11);
INSERT INTO `NOTENVERWALTUNG`.`LEHRER` (`ID`, `NAME`, `VORNAME`, `LOGIN_ID`) VALUES (15, 'Huber', 'Stefan', 12);
INSERT INTO `NOTENVERWALTUNG`.`LEHRER` (`ID`, `NAME`, `VORNAME`, `LOGIN_ID`) VALUES (16, 'Weber', 'Michèle', 13);
INSERT INTO `NOTENVERWALTUNG`.`LEHRER` (`ID`, `NAME`, `VORNAME`, `LOGIN_ID`) VALUES (17, 'Rauh', 'Marc', 14);
INSERT INTO `NOTENVERWALTUNG`.`LEHRER` (`ID`, `NAME`, `VORNAME`, `LOGIN_ID`) VALUES (18, 'Kopp', 'Dieter', 15);
INSERT INTO `NOTENVERWALTUNG`.`LEHRER` (`ID`, `NAME`, `VORNAME`, `LOGIN_ID`) VALUES (19, 'Höschle', 'Otto', 16);
INSERT INTO `NOTENVERWALTUNG`.`LEHRER` (`ID`, `NAME`, `VORNAME`, `LOGIN_ID`) VALUES (20, 'Müller', 'Stephan', 17);
INSERT INTO `NOTENVERWALTUNG`.`LEHRER` (`ID`, `NAME`, `VORNAME`, `LOGIN_ID`) VALUES (21, 'Burgherr', 'Andy', 18);
INSERT INTO `NOTENVERWALTUNG`.`LEHRER` (`ID`, `NAME`, `VORNAME`, `LOGIN_ID`) VALUES (22, 'Fankhauser', 'Ueli', 19);
INSERT INTO `NOTENVERWALTUNG`.`LEHRER` (`ID`, `NAME`, `VORNAME`, `LOGIN_ID`) VALUES (23, 'Frey', 'Marco', 20);
INSERT INTO `NOTENVERWALTUNG`.`LEHRER` (`ID`, `NAME`, `VORNAME`, `LOGIN_ID`) VALUES (26, 'Meneghin', 'Martin', 21);
INSERT INTO `NOTENVERWALTUNG`.`LEHRER` (`ID`, `NAME`, `VORNAME`, `LOGIN_ID`) VALUES (27, 'Schibler', 'Michael', 22);
INSERT INTO `NOTENVERWALTUNG`.`LEHRER` (`ID`, `NAME`, `VORNAME`, `LOGIN_ID`) VALUES (28, 'Deutsch', 'Harry', 23);
INSERT INTO `NOTENVERWALTUNG`.`LEHRER` (`ID`, `NAME`, `VORNAME`, `LOGIN_ID`) VALUES (29, 'Tanner', 'Urs', 24);
INSERT INTO `NOTENVERWALTUNG`.`LEHRER` (`ID`, `NAME`, `VORNAME`, `LOGIN_ID`) VALUES (32, 'ÜK', '.', 25);
INSERT INTO `NOTENVERWALTUNG`.`LEHRER` (`ID`, `NAME`, `VORNAME`, `LOGIN_ID`) VALUES (33, 'Bögli', 'Thomas', 26);
INSERT INTO `NOTENVERWALTUNG`.`LEHRER` (`ID`, `NAME`, `VORNAME`, `LOGIN_ID`) VALUES (34, 'x', 'x', 27);
INSERT INTO `NOTENVERWALTUNG`.`LEHRER` (`ID`, `NAME`, `VORNAME`, `LOGIN_ID`) VALUES (35, 'Burkhalter', 'Fabian', 28);
INSERT INTO `NOTENVERWALTUNG`.`LEHRER` (`ID`, `NAME`, `VORNAME`, `LOGIN_ID`) VALUES (36, 'Gertsch', 'Daniel', 29);
INSERT INTO `NOTENVERWALTUNG`.`LEHRER` (`ID`, `NAME`, `VORNAME`, `LOGIN_ID`) VALUES (37, 'Zaugg', 'Roger', 30);
INSERT INTO `NOTENVERWALTUNG`.`LEHRER` (`ID`, `NAME`, `VORNAME`, `LOGIN_ID`) VALUES (38, 'Würgler', 'Markus', 31);
INSERT INTO `NOTENVERWALTUNG`.`LEHRER` (`ID`, `NAME`, `VORNAME`, `LOGIN_ID`) VALUES (39, 'Brüderlin', ' ', 32);
INSERT INTO `NOTENVERWALTUNG`.`LEHRER` (`ID`, `NAME`, `VORNAME`, `LOGIN_ID`) VALUES (40, 'Brodbeck', 'Daniel', 33);
INSERT INTO `NOTENVERWALTUNG`.`LEHRER` (`ID`, `NAME`, `VORNAME`, `LOGIN_ID`) VALUES (41, 'Feissli', 'Alfons', 34);
INSERT INTO `NOTENVERWALTUNG`.`LEHRER` (`ID`, `NAME`, `VORNAME`, `LOGIN_ID`) VALUES (42, 'Käser', 'Adrian', 35);
INSERT INTO `NOTENVERWALTUNG`.`LEHRER` (`ID`, `NAME`, `VORNAME`, `LOGIN_ID`) VALUES (43, 'Schlageter', 'Benjamin', 36);
INSERT INTO `NOTENVERWALTUNG`.`LEHRER` (`ID`, `NAME`, `VORNAME`, `LOGIN_ID`) VALUES (44, 'Duc', 'Béatrice', 37);
INSERT INTO `NOTENVERWALTUNG`.`LEHRER` (`ID`, `NAME`, `VORNAME`, `LOGIN_ID`) VALUES (45, 'Schaub', 'Joshua', 38);
INSERT INTO `NOTENVERWALTUNG`.`LEHRER` (`ID`, `NAME`, `VORNAME`, `LOGIN_ID`) VALUES (46, 'Botti', 'Claudio', 39);
INSERT INTO `NOTENVERWALTUNG`.`LEHRER` (`ID`, `NAME`, `VORNAME`, `LOGIN_ID`) VALUES (47, 'Lurati', 'Francesco', 40);
INSERT INTO `NOTENVERWALTUNG`.`LEHRER` (`ID`, `NAME`, `VORNAME`, `LOGIN_ID`) VALUES (48, 'Stöcklin', 'Michel', 41);

COMMIT;


-- -----------------------------------------------------
-- Data for table `NOTENVERWALTUNG`.`KLASSE`
-- -----------------------------------------------------
START TRANSACTION;
USE `NOTENVERWALTUNG`;
INSERT INTO `NOTENVERWALTUNG`.`KLASSE` (`ID`, `BEZEICHNUNG`) VALUES (58, 'IAP14A');
INSERT INTO `NOTENVERWALTUNG`.`KLASSE` (`ID`, `BEZEICHNUNG`) VALUES (59, 'IAP14B');
INSERT INTO `NOTENVERWALTUNG`.`KLASSE` (`ID`, `BEZEICHNUNG`) VALUES (60, 'IBI14A');
INSERT INTO `NOTENVERWALTUNG`.`KLASSE` (`ID`, `BEZEICHNUNG`) VALUES (61, 'IBI14B');
INSERT INTO `NOTENVERWALTUNG`.`KLASSE` (`ID`, `BEZEICHNUNG`) VALUES (62, 'ISY14A');
INSERT INTO `NOTENVERWALTUNG`.`KLASSE` (`ID`, `BEZEICHNUNG`) VALUES (63, 'ISY14B');
INSERT INTO `NOTENVERWALTUNG`.`KLASSE` (`ID`, `BEZEICHNUNG`) VALUES (66, 'IAP14v');
INSERT INTO `NOTENVERWALTUNG`.`KLASSE` (`ID`, `BEZEICHNUNG`) VALUES (67, 'ISY14v');
INSERT INTO `NOTENVERWALTUNG`.`KLASSE` (`ID`, `BEZEICHNUNG`) VALUES (68, 'ISY14C');

COMMIT;


-- -----------------------------------------------------
-- Data for table `NOTENVERWALTUNG`.`UNTERRICHT`
-- -----------------------------------------------------
START TRANSACTION;
USE `NOTENVERWALTUNG`;
INSERT INTO `NOTENVERWALTUNG`.`UNTERRICHT` (`ID`, `LEHRER_ID`, `KLASSE_ID`, `MODUL_ID`) VALUES (2348, 1, 58, 29);
INSERT INTO `NOTENVERWALTUNG`.`UNTERRICHT` (`ID`, `LEHRER_ID`, `KLASSE_ID`, `MODUL_ID`) VALUES (2357, 37, 58, 58);
INSERT INTO `NOTENVERWALTUNG`.`UNTERRICHT` (`ID`, `LEHRER_ID`, `KLASSE_ID`, `MODUL_ID`) VALUES (2392, 47, 58, 11);
INSERT INTO `NOTENVERWALTUNG`.`UNTERRICHT` (`ID`, `LEHRER_ID`, `KLASSE_ID`, `MODUL_ID`) VALUES (2395, 7, 58, 12);
INSERT INTO `NOTENVERWALTUNG`.`UNTERRICHT` (`ID`, `LEHRER_ID`, `KLASSE_ID`, `MODUL_ID`) VALUES (2398, 44, 58, 14);
INSERT INTO `NOTENVERWALTUNG`.`UNTERRICHT` (`ID`, `LEHRER_ID`, `KLASSE_ID`, `MODUL_ID`) VALUES (2315, 11, 59, 71);
INSERT INTO `NOTENVERWALTUNG`.`UNTERRICHT` (`ID`, `LEHRER_ID`, `KLASSE_ID`, `MODUL_ID`) VALUES (2345, 1, 59, 29);
INSERT INTO `NOTENVERWALTUNG`.`UNTERRICHT` (`ID`, `LEHRER_ID`, `KLASSE_ID`, `MODUL_ID`) VALUES (2358, 37, 59, 58);
INSERT INTO `NOTENVERWALTUNG`.`UNTERRICHT` (`ID`, `LEHRER_ID`, `KLASSE_ID`, `MODUL_ID`) VALUES (2363, 11, 59, 33);
INSERT INTO `NOTENVERWALTUNG`.`UNTERRICHT` (`ID`, `LEHRER_ID`, `KLASSE_ID`, `MODUL_ID`) VALUES (2365, 19, 59, 42);
INSERT INTO `NOTENVERWALTUNG`.`UNTERRICHT` (`ID`, `LEHRER_ID`, `KLASSE_ID`, `MODUL_ID`) VALUES (2367, 11, 59, 38);
INSERT INTO `NOTENVERWALTUNG`.`UNTERRICHT` (`ID`, `LEHRER_ID`, `KLASSE_ID`, `MODUL_ID`) VALUES (2394, 3, 59, 11);
INSERT INTO `NOTENVERWALTUNG`.`UNTERRICHT` (`ID`, `LEHRER_ID`, `KLASSE_ID`, `MODUL_ID`) VALUES (2397, 7, 59, 12);
INSERT INTO `NOTENVERWALTUNG`.`UNTERRICHT` (`ID`, `LEHRER_ID`, `KLASSE_ID`, `MODUL_ID`) VALUES (2399, 44, 59, 14);
INSERT INTO `NOTENVERWALTUNG`.`UNTERRICHT` (`ID`, `LEHRER_ID`, `KLASSE_ID`, `MODUL_ID`) VALUES (2347, 1, 60, 29);
INSERT INTO `NOTENVERWALTUNG`.`UNTERRICHT` (`ID`, `LEHRER_ID`, `KLASSE_ID`, `MODUL_ID`) VALUES (2360, 37, 60, 58);
INSERT INTO `NOTENVERWALTUNG`.`UNTERRICHT` (`ID`, `LEHRER_ID`, `KLASSE_ID`, `MODUL_ID`) VALUES (2390, 47, 60, 11);
INSERT INTO `NOTENVERWALTUNG`.`UNTERRICHT` (`ID`, `LEHRER_ID`, `KLASSE_ID`, `MODUL_ID`) VALUES (2400, 33, 60, 19);
INSERT INTO `NOTENVERWALTUNG`.`UNTERRICHT` (`ID`, `LEHRER_ID`, `KLASSE_ID`, `MODUL_ID`) VALUES (2416, 18, 60, 46);
INSERT INTO `NOTENVERWALTUNG`.`UNTERRICHT` (`ID`, `LEHRER_ID`, `KLASSE_ID`, `MODUL_ID`) VALUES (2295, 38, 61, 33);
INSERT INTO `NOTENVERWALTUNG`.`UNTERRICHT` (`ID`, `LEHRER_ID`, `KLASSE_ID`, `MODUL_ID`) VALUES (2309, 19, 61, 42);
INSERT INTO `NOTENVERWALTUNG`.`UNTERRICHT` (`ID`, `LEHRER_ID`, `KLASSE_ID`, `MODUL_ID`) VALUES (2312, 11, 61, 38);
INSERT INTO `NOTENVERWALTUNG`.`UNTERRICHT` (`ID`, `LEHRER_ID`, `KLASSE_ID`, `MODUL_ID`) VALUES (2342, 41, 61, 29);
INSERT INTO `NOTENVERWALTUNG`.`UNTERRICHT` (`ID`, `LEHRER_ID`, `KLASSE_ID`, `MODUL_ID`) VALUES (2361, 37, 61, 58);
INSERT INTO `NOTENVERWALTUNG`.`UNTERRICHT` (`ID`, `LEHRER_ID`, `KLASSE_ID`, `MODUL_ID`) VALUES (2366, 4, 61, 71);
INSERT INTO `NOTENVERWALTUNG`.`UNTERRICHT` (`ID`, `LEHRER_ID`, `KLASSE_ID`, `MODUL_ID`) VALUES (2391, 2, 61, 11);
INSERT INTO `NOTENVERWALTUNG`.`UNTERRICHT` (`ID`, `LEHRER_ID`, `KLASSE_ID`, `MODUL_ID`) VALUES (2401, 33, 61, 19);
INSERT INTO `NOTENVERWALTUNG`.`UNTERRICHT` (`ID`, `LEHRER_ID`, `KLASSE_ID`, `MODUL_ID`) VALUES (2418, 18, 61, 46);
INSERT INTO `NOTENVERWALTUNG`.`UNTERRICHT` (`ID`, `LEHRER_ID`, `KLASSE_ID`, `MODUL_ID`) VALUES (2346, 1, 62, 29);
INSERT INTO `NOTENVERWALTUNG`.`UNTERRICHT` (`ID`, `LEHRER_ID`, `KLASSE_ID`, `MODUL_ID`) VALUES (2403, 7, 62, 51);
INSERT INTO `NOTENVERWALTUNG`.`UNTERRICHT` (`ID`, `LEHRER_ID`, `KLASSE_ID`, `MODUL_ID`) VALUES (2407, 36, 62, 52);
INSERT INTO `NOTENVERWALTUNG`.`UNTERRICHT` (`ID`, `LEHRER_ID`, `KLASSE_ID`, `MODUL_ID`) VALUES (2410, 7, 62, 80);
INSERT INTO `NOTENVERWALTUNG`.`UNTERRICHT` (`ID`, `LEHRER_ID`, `KLASSE_ID`, `MODUL_ID`) VALUES (2419, 18, 62, 46);
INSERT INTO `NOTENVERWALTUNG`.`UNTERRICHT` (`ID`, `LEHRER_ID`, `KLASSE_ID`, `MODUL_ID`) VALUES (2311, 19, 63, 42);
INSERT INTO `NOTENVERWALTUNG`.`UNTERRICHT` (`ID`, `LEHRER_ID`, `KLASSE_ID`, `MODUL_ID`) VALUES (2313, 11, 63, 38);
INSERT INTO `NOTENVERWALTUNG`.`UNTERRICHT` (`ID`, `LEHRER_ID`, `KLASSE_ID`, `MODUL_ID`) VALUES (2316, 11, 63, 71);
INSERT INTO `NOTENVERWALTUNG`.`UNTERRICHT` (`ID`, `LEHRER_ID`, `KLASSE_ID`, `MODUL_ID`) VALUES (2334, 27, 63, 33);
INSERT INTO `NOTENVERWALTUNG`.`UNTERRICHT` (`ID`, `LEHRER_ID`, `KLASSE_ID`, `MODUL_ID`) VALUES (2343, 12, 63, 29);
INSERT INTO `NOTENVERWALTUNG`.`UNTERRICHT` (`ID`, `LEHRER_ID`, `KLASSE_ID`, `MODUL_ID`) VALUES (2404, 33, 63, 51);
INSERT INTO `NOTENVERWALTUNG`.`UNTERRICHT` (`ID`, `LEHRER_ID`, `KLASSE_ID`, `MODUL_ID`) VALUES (2408, 36, 63, 52);
INSERT INTO `NOTENVERWALTUNG`.`UNTERRICHT` (`ID`, `LEHRER_ID`, `KLASSE_ID`, `MODUL_ID`) VALUES (2412, 7, 63, 80);
INSERT INTO `NOTENVERWALTUNG`.`UNTERRICHT` (`ID`, `LEHRER_ID`, `KLASSE_ID`, `MODUL_ID`) VALUES (2421, 33, 63, 46);
INSERT INTO `NOTENVERWALTUNG`.`UNTERRICHT` (`ID`, `LEHRER_ID`, `KLASSE_ID`, `MODUL_ID`) VALUES (2359, 47, 66, 11);
INSERT INTO `NOTENVERWALTUNG`.`UNTERRICHT` (`ID`, `LEHRER_ID`, `KLASSE_ID`, `MODUL_ID`) VALUES (2393, 7, 66, 12);
INSERT INTO `NOTENVERWALTUNG`.`UNTERRICHT` (`ID`, `LEHRER_ID`, `KLASSE_ID`, `MODUL_ID`) VALUES (2396, 37, 66, 58);
INSERT INTO `NOTENVERWALTUNG`.`UNTERRICHT` (`ID`, `LEHRER_ID`, `KLASSE_ID`, `MODUL_ID`) VALUES (2417, 10, 66, 46);
INSERT INTO `NOTENVERWALTUNG`.`UNTERRICHT` (`ID`, `LEHRER_ID`, `KLASSE_ID`, `MODUL_ID`) VALUES (2402, 33, 67, 19);
INSERT INTO `NOTENVERWALTUNG`.`UNTERRICHT` (`ID`, `LEHRER_ID`, `KLASSE_ID`, `MODUL_ID`) VALUES (2406, 7, 67, 51);
INSERT INTO `NOTENVERWALTUNG`.`UNTERRICHT` (`ID`, `LEHRER_ID`, `KLASSE_ID`, `MODUL_ID`) VALUES (2411, 7, 67, 80);
INSERT INTO `NOTENVERWALTUNG`.`UNTERRICHT` (`ID`, `LEHRER_ID`, `KLASSE_ID`, `MODUL_ID`) VALUES (2420, 18, 67, 46);
INSERT INTO `NOTENVERWALTUNG`.`UNTERRICHT` (`ID`, `LEHRER_ID`, `KLASSE_ID`, `MODUL_ID`) VALUES (2296, 19, 68, 33);
INSERT INTO `NOTENVERWALTUNG`.`UNTERRICHT` (`ID`, `LEHRER_ID`, `KLASSE_ID`, `MODUL_ID`) VALUES (2310, 19, 68, 42);
INSERT INTO `NOTENVERWALTUNG`.`UNTERRICHT` (`ID`, `LEHRER_ID`, `KLASSE_ID`, `MODUL_ID`) VALUES (2314, 11, 68, 38);
INSERT INTO `NOTENVERWALTUNG`.`UNTERRICHT` (`ID`, `LEHRER_ID`, `KLASSE_ID`, `MODUL_ID`) VALUES (2317, 11, 68, 71);
INSERT INTO `NOTENVERWALTUNG`.`UNTERRICHT` (`ID`, `LEHRER_ID`, `KLASSE_ID`, `MODUL_ID`) VALUES (2344, 12, 68, 29);
INSERT INTO `NOTENVERWALTUNG`.`UNTERRICHT` (`ID`, `LEHRER_ID`, `KLASSE_ID`, `MODUL_ID`) VALUES (2405, 7, 68, 51);
INSERT INTO `NOTENVERWALTUNG`.`UNTERRICHT` (`ID`, `LEHRER_ID`, `KLASSE_ID`, `MODUL_ID`) VALUES (2409, 36, 68, 52);
INSERT INTO `NOTENVERWALTUNG`.`UNTERRICHT` (`ID`, `LEHRER_ID`, `KLASSE_ID`, `MODUL_ID`) VALUES (2413, 36, 68, 80);
INSERT INTO `NOTENVERWALTUNG`.`UNTERRICHT` (`ID`, `LEHRER_ID`, `KLASSE_ID`, `MODUL_ID`) VALUES (2422, 33, 68, 46);

COMMIT;


-- -----------------------------------------------------
-- Data for table `NOTENVERWALTUNG`.`SCHUELER`
-- -----------------------------------------------------
START TRANSACTION;
USE `NOTENVERWALTUNG`;
INSERT INTO `NOTENVERWALTUNG`.`SCHUELER` (`ID`, `NAME`, `VORNAME`, `KLASSE_ID`) VALUES (503, 'Baumann', 'Fabienne', 68);
INSERT INTO `NOTENVERWALTUNG`.`SCHUELER` (`ID`, `NAME`, `VORNAME`, `KLASSE_ID`) VALUES (585, 'Aebischer', 'Jessey', 59);
INSERT INTO `NOTENVERWALTUNG`.`SCHUELER` (`ID`, `NAME`, `VORNAME`, `KLASSE_ID`) VALUES (586, 'Altermatt', 'Adrian', 60);
INSERT INTO `NOTENVERWALTUNG`.`SCHUELER` (`ID`, `NAME`, `VORNAME`, `KLASSE_ID`) VALUES (587, 'Ammann', 'Joel', 63);
INSERT INTO `NOTENVERWALTUNG`.`SCHUELER` (`ID`, `NAME`, `VORNAME`, `KLASSE_ID`) VALUES (588, 'Bah', 'Joël Rachid', 60);
INSERT INTO `NOTENVERWALTUNG`.`SCHUELER` (`ID`, `NAME`, `VORNAME`, `KLASSE_ID`) VALUES (589, 'Bajrami', 'Valdrin', 68);
INSERT INTO `NOTENVERWALTUNG`.`SCHUELER` (`ID`, `NAME`, `VORNAME`, `KLASSE_ID`) VALUES (590, 'Bätscher', 'Rebecca', 61);
INSERT INTO `NOTENVERWALTUNG`.`SCHUELER` (`ID`, `NAME`, `VORNAME`, `KLASSE_ID`) VALUES (591, 'Bralig', 'Tatjana', 61);
INSERT INTO `NOTENVERWALTUNG`.`SCHUELER` (`ID`, `NAME`, `VORNAME`, `KLASSE_ID`) VALUES (592, 'Caminada', 'Steven', 61);
INSERT INTO `NOTENVERWALTUNG`.`SCHUELER` (`ID`, `NAME`, `VORNAME`, `KLASSE_ID`) VALUES (593, 'DAndrea', 'Ludovico', 63);
INSERT INTO `NOTENVERWALTUNG`.`SCHUELER` (`ID`, `NAME`, `VORNAME`, `KLASSE_ID`) VALUES (594, 'de Graaff', 'Rik', 66);
INSERT INTO `NOTENVERWALTUNG`.`SCHUELER` (`ID`, `NAME`, `VORNAME`, `KLASSE_ID`) VALUES (595, 'Di Iorio', 'Aldo', 63);
INSERT INTO `NOTENVERWALTUNG`.`SCHUELER` (`ID`, `NAME`, `VORNAME`, `KLASSE_ID`) VALUES (596, 'Dusku', 'Ganimet', 59);
INSERT INTO `NOTENVERWALTUNG`.`SCHUELER` (`ID`, `NAME`, `VORNAME`, `KLASSE_ID`) VALUES (597, 'El Sayed', 'Waleed', 58);
INSERT INTO `NOTENVERWALTUNG`.`SCHUELER` (`ID`, `NAME`, `VORNAME`, `KLASSE_ID`) VALUES (598, 'Erb', 'Florentin', 58);
INSERT INTO `NOTENVERWALTUNG`.`SCHUELER` (`ID`, `NAME`, `VORNAME`, `KLASSE_ID`) VALUES (599, 'Flubacher', 'Claudio', 61);
INSERT INTO `NOTENVERWALTUNG`.`SCHUELER` (`ID`, `NAME`, `VORNAME`, `KLASSE_ID`) VALUES (600, 'Freudiger', 'Nico', 68);
INSERT INTO `NOTENVERWALTUNG`.`SCHUELER` (`ID`, `NAME`, `VORNAME`, `KLASSE_ID`) VALUES (601, 'Geesing', 'Roy', 58);
INSERT INTO `NOTENVERWALTUNG`.`SCHUELER` (`ID`, `NAME`, `VORNAME`, `KLASSE_ID`) VALUES (602, 'Giss', 'Samuel', 59);
INSERT INTO `NOTENVERWALTUNG`.`SCHUELER` (`ID`, `NAME`, `VORNAME`, `KLASSE_ID`) VALUES (603, 'Greiner', 'Joel', 61);
INSERT INTO `NOTENVERWALTUNG`.`SCHUELER` (`ID`, `NAME`, `VORNAME`, `KLASSE_ID`) VALUES (604, 'Gröli', 'Michael', 68);
INSERT INTO `NOTENVERWALTUNG`.`SCHUELER` (`ID`, `NAME`, `VORNAME`, `KLASSE_ID`) VALUES (605, 'Grützner', 'Timothy', 58);
INSERT INTO `NOTENVERWALTUNG`.`SCHUELER` (`ID`, `NAME`, `VORNAME`, `KLASSE_ID`) VALUES (606, 'Gütt', 'Ole-Christian', 63);
INSERT INTO `NOTENVERWALTUNG`.`SCHUELER` (`ID`, `NAME`, `VORNAME`, `KLASSE_ID`) VALUES (607, 'Guzman', 'Alfry', 68);
INSERT INTO `NOTENVERWALTUNG`.`SCHUELER` (`ID`, `NAME`, `VORNAME`, `KLASSE_ID`) VALUES (608, 'Gyalog', 'Daniele', 68);
INSERT INTO `NOTENVERWALTUNG`.`SCHUELER` (`ID`, `NAME`, `VORNAME`, `KLASSE_ID`) VALUES (609, 'Hänggi', 'Kevin', 61);
INSERT INTO `NOTENVERWALTUNG`.`SCHUELER` (`ID`, `NAME`, `VORNAME`, `KLASSE_ID`) VALUES (610, 'Hasler', 'Patrick', 62);
INSERT INTO `NOTENVERWALTUNG`.`SCHUELER` (`ID`, `NAME`, `VORNAME`, `KLASSE_ID`) VALUES (611, 'Herzog', 'Colin', 58);
INSERT INTO `NOTENVERWALTUNG`.`SCHUELER` (`ID`, `NAME`, `VORNAME`, `KLASSE_ID`) VALUES (612, 'Humphries', 'Kevin', 63);
INSERT INTO `NOTENVERWALTUNG`.`SCHUELER` (`ID`, `NAME`, `VORNAME`, `KLASSE_ID`) VALUES (613, 'Hutter', 'Philipp', 61);
INSERT INTO `NOTENVERWALTUNG`.`SCHUELER` (`ID`, `NAME`, `VORNAME`, `KLASSE_ID`) VALUES (614, 'Iller', 'Manuel', 62);
INSERT INTO `NOTENVERWALTUNG`.`SCHUELER` (`ID`, `NAME`, `VORNAME`, `KLASSE_ID`) VALUES (615, 'Jegatheeswaran', 'Rithun', 59);
INSERT INTO `NOTENVERWALTUNG`.`SCHUELER` (`ID`, `NAME`, `VORNAME`, `KLASSE_ID`) VALUES (616, 'Kalt', 'Leandro', 58);
INSERT INTO `NOTENVERWALTUNG`.`SCHUELER` (`ID`, `NAME`, `VORNAME`, `KLASSE_ID`) VALUES (617, 'Karanatsios', 'Niko', 59);
INSERT INTO `NOTENVERWALTUNG`.`SCHUELER` (`ID`, `NAME`, `VORNAME`, `KLASSE_ID`) VALUES (618, 'Liebschwager', 'Robin', 60);
INSERT INTO `NOTENVERWALTUNG`.`SCHUELER` (`ID`, `NAME`, `VORNAME`, `KLASSE_ID`) VALUES (619, 'Lienert', 'Luis', 68);
INSERT INTO `NOTENVERWALTUNG`.`SCHUELER` (`ID`, `NAME`, `VORNAME`, `KLASSE_ID`) VALUES (621, 'Mathan', 'Nivetha', 68);
INSERT INTO `NOTENVERWALTUNG`.`SCHUELER` (`ID`, `NAME`, `VORNAME`, `KLASSE_ID`) VALUES (622, 'Maurer', 'Kenny', 58);
INSERT INTO `NOTENVERWALTUNG`.`SCHUELER` (`ID`, `NAME`, `VORNAME`, `KLASSE_ID`) VALUES (623, 'Meier', 'Dominique', 59);
INSERT INTO `NOTENVERWALTUNG`.`SCHUELER` (`ID`, `NAME`, `VORNAME`, `KLASSE_ID`) VALUES (624, 'Menin', 'Marvin Patrick', 63);
INSERT INTO `NOTENVERWALTUNG`.`SCHUELER` (`ID`, `NAME`, `VORNAME`, `KLASSE_ID`) VALUES (625, 'Merlo', 'Michele', 61);
INSERT INTO `NOTENVERWALTUNG`.`SCHUELER` (`ID`, `NAME`, `VORNAME`, `KLASSE_ID`) VALUES (627, 'Müller', 'Benjamin', 61);
INSERT INTO `NOTENVERWALTUNG`.`SCHUELER` (`ID`, `NAME`, `VORNAME`, `KLASSE_ID`) VALUES (628, 'Nikolic', 'Patrick', 60);
INSERT INTO `NOTENVERWALTUNG`.`SCHUELER` (`ID`, `NAME`, `VORNAME`, `KLASSE_ID`) VALUES (630, 'Pflugshaupt', 'Simon', 62);
INSERT INTO `NOTENVERWALTUNG`.`SCHUELER` (`ID`, `NAME`, `VORNAME`, `KLASSE_ID`) VALUES (631, 'Radovanovic', 'Goran', 63);
INSERT INTO `NOTENVERWALTUNG`.`SCHUELER` (`ID`, `NAME`, `VORNAME`, `KLASSE_ID`) VALUES (632, 'Sassone', 'Dario', 61);
INSERT INTO `NOTENVERWALTUNG`.`SCHUELER` (`ID`, `NAME`, `VORNAME`, `KLASSE_ID`) VALUES (634, 'Schlatter', 'Timo', 60);
INSERT INTO `NOTENVERWALTUNG`.`SCHUELER` (`ID`, `NAME`, `VORNAME`, `KLASSE_ID`) VALUES (635, 'Schlienger', 'Nadja', 58);
INSERT INTO `NOTENVERWALTUNG`.`SCHUELER` (`ID`, `NAME`, `VORNAME`, `KLASSE_ID`) VALUES (636, 'Schmidlin', 'Sascha', 63);
INSERT INTO `NOTENVERWALTUNG`.`SCHUELER` (`ID`, `NAME`, `VORNAME`, `KLASSE_ID`) VALUES (637, 'Schneider', 'Carmen', 62);
INSERT INTO `NOTENVERWALTUNG`.`SCHUELER` (`ID`, `NAME`, `VORNAME`, `KLASSE_ID`) VALUES (638, 'Schneider', 'Robin Dominik', 63);
INSERT INTO `NOTENVERWALTUNG`.`SCHUELER` (`ID`, `NAME`, `VORNAME`, `KLASSE_ID`) VALUES (639, 'Schranz', 'Tim', 68);
INSERT INTO `NOTENVERWALTUNG`.`SCHUELER` (`ID`, `NAME`, `VORNAME`, `KLASSE_ID`) VALUES (640, 'Schultz', 'Daniel', 61);
INSERT INTO `NOTENVERWALTUNG`.`SCHUELER` (`ID`, `NAME`, `VORNAME`, `KLASSE_ID`) VALUES (641, 'Spahr', 'Lukas', 62);
INSERT INTO `NOTENVERWALTUNG`.`SCHUELER` (`ID`, `NAME`, `VORNAME`, `KLASSE_ID`) VALUES (642, 'Speck', 'Andreas', 60);
INSERT INTO `NOTENVERWALTUNG`.`SCHUELER` (`ID`, `NAME`, `VORNAME`, `KLASSE_ID`) VALUES (643, 'Stalder', 'Fabian', 61);
INSERT INTO `NOTENVERWALTUNG`.`SCHUELER` (`ID`, `NAME`, `VORNAME`, `KLASSE_ID`) VALUES (644, 'Stebler', 'Benjamin', 63);
INSERT INTO `NOTENVERWALTUNG`.`SCHUELER` (`ID`, `NAME`, `VORNAME`, `KLASSE_ID`) VALUES (645, 'Stoeckli', 'Andrea Simon', 62);
INSERT INTO `NOTENVERWALTUNG`.`SCHUELER` (`ID`, `NAME`, `VORNAME`, `KLASSE_ID`) VALUES (646, 'Suter', 'Flavio', 68);
INSERT INTO `NOTENVERWALTUNG`.`SCHUELER` (`ID`, `NAME`, `VORNAME`, `KLASSE_ID`) VALUES (647, 'Sutter', 'Raphael', 61);
INSERT INTO `NOTENVERWALTUNG`.`SCHUELER` (`ID`, `NAME`, `VORNAME`, `KLASSE_ID`) VALUES (648, 'Sütterlin', 'Alexander', 61);
INSERT INTO `NOTENVERWALTUNG`.`SCHUELER` (`ID`, `NAME`, `VORNAME`, `KLASSE_ID`) VALUES (649, 'Tanner', 'Julian', 61);
INSERT INTO `NOTENVERWALTUNG`.`SCHUELER` (`ID`, `NAME`, `VORNAME`, `KLASSE_ID`) VALUES (650, 'Thomas', 'Phillip', 58);
INSERT INTO `NOTENVERWALTUNG`.`SCHUELER` (`ID`, `NAME`, `VORNAME`, `KLASSE_ID`) VALUES (651, 'Tschudin', 'Cédric', 58);
INSERT INTO `NOTENVERWALTUNG`.`SCHUELER` (`ID`, `NAME`, `VORNAME`, `KLASSE_ID`) VALUES (652, 'Ungari', 'Steven Domenico', 62);
INSERT INTO `NOTENVERWALTUNG`.`SCHUELER` (`ID`, `NAME`, `VORNAME`, `KLASSE_ID`) VALUES (653, 'Wagner', 'Joël', 62);
INSERT INTO `NOTENVERWALTUNG`.`SCHUELER` (`ID`, `NAME`, `VORNAME`, `KLASSE_ID`) VALUES (654, 'Wahl', 'Tobias', 60);
INSERT INTO `NOTENVERWALTUNG`.`SCHUELER` (`ID`, `NAME`, `VORNAME`, `KLASSE_ID`) VALUES (655, 'Weisskopf', 'Raphael', 62);
INSERT INTO `NOTENVERWALTUNG`.`SCHUELER` (`ID`, `NAME`, `VORNAME`, `KLASSE_ID`) VALUES (656, 'Yeung', 'Miguet', 63);
INSERT INTO `NOTENVERWALTUNG`.`SCHUELER` (`ID`, `NAME`, `VORNAME`, `KLASSE_ID`) VALUES (657, 'Zehnder', 'Damian', 58);
INSERT INTO `NOTENVERWALTUNG`.`SCHUELER` (`ID`, `NAME`, `VORNAME`, `KLASSE_ID`) VALUES (658, 'Zehnder', 'Philipp', 58);
INSERT INTO `NOTENVERWALTUNG`.`SCHUELER` (`ID`, `NAME`, `VORNAME`, `KLASSE_ID`) VALUES (660, 'Flükiger', 'Timo', 61);
INSERT INTO `NOTENVERWALTUNG`.`SCHUELER` (`ID`, `NAME`, `VORNAME`, `KLASSE_ID`) VALUES (662, 'Jan', 'Eric', 67);
INSERT INTO `NOTENVERWALTUNG`.`SCHUELER` (`ID`, `NAME`, `VORNAME`, `KLASSE_ID`) VALUES (663, 'Iselin', 'Noa', 68);
INSERT INTO `NOTENVERWALTUNG`.`SCHUELER` (`ID`, `NAME`, `VORNAME`, `KLASSE_ID`) VALUES (664, 'Neyerlin', 'Raphael', 62);
INSERT INTO `NOTENVERWALTUNG`.`SCHUELER` (`ID`, `NAME`, `VORNAME`, `KLASSE_ID`) VALUES (666, 'Dela Cruz', 'Anna Camille', 68);
INSERT INTO `NOTENVERWALTUNG`.`SCHUELER` (`ID`, `NAME`, `VORNAME`, `KLASSE_ID`) VALUES (667, 'Kieffer', 'Benjamin', 61);
INSERT INTO `NOTENVERWALTUNG`.`SCHUELER` (`ID`, `NAME`, `VORNAME`, `KLASSE_ID`) VALUES (668, 'Charvat', 'Lucas', 59);

COMMIT;

-- -----------------------------------------------------
-- Data for table `NOTENVERWALTUNG`.`PRUEFUNG`
-- -----------------------------------------------------
START TRANSACTION;
USE `NOTENVERWALTUNG`;
INSERT INTO `NOTENVERWALTUNG`.`PRUEFUNG` (`ID`, `NAME`, `KURZBESCHREIBUNG`, `DATUM`,`UNTERRICHT_ID`) VALUES (1, 'Objektorientierung Test 1', 'Lorem ipsum dolor sit amet', '2016-02-11', 2357);
INSERT INTO `NOTENVERWALTUNG`.`PRUEFUNG` (`ID`, `NAME`, `KURZBESCHREIBUNG`, `DATUM`,`UNTERRICHT_ID`) VALUES (2, 'Objektorientierung Test 2', 'Lorem ipsum dolor sit amet', '2016-03-28', 2357);
INSERT INTO `NOTENVERWALTUNG`.`PRUEFUNG` (`ID`, `NAME`, `KURZBESCHREIBUNG`, `DATUM`,`UNTERRICHT_ID`) VALUES (3, 'UML Test', 'Lorem ipsum dolor sit amet', '2016-04-10', 2357);
INSERT INTO `NOTENVERWALTUNG`.`PRUEFUNG` (`ID`, `NAME`, `KURZBESCHREIBUNG`, `DATUM`,`UNTERRICHT_ID`) VALUES (4, 'Objektorientierung Test 1', 'Lorem ipsum dolor sit amet', '2016-02-11', 2358);
INSERT INTO `NOTENVERWALTUNG`.`PRUEFUNG` (`ID`, `NAME`, `KURZBESCHREIBUNG`, `DATUM`,`UNTERRICHT_ID`) VALUES (5, 'Objektorientierung Test 2', 'Lorem ipsum dolor sit amet', '2016-03-28', 2358);
INSERT INTO `NOTENVERWALTUNG`.`PRUEFUNG` (`ID`, `NAME`, `KURZBESCHREIBUNG`, `DATUM`,`UNTERRICHT_ID`) VALUES (6, 'UML Test', 'Lorem ipsum dolor sit amet', '2016-04-10', 2358);
INSERT INTO `NOTENVERWALTUNG`.`PRUEFUNG` (`ID`, `NAME`, `KURZBESCHREIBUNG`, `DATUM`,`UNTERRICHT_ID`) VALUES (7, 'Objektorientierung Test 1', 'Lorem ipsum dolor sit amet', '2016-02-11', 2360);
INSERT INTO `NOTENVERWALTUNG`.`PRUEFUNG` (`ID`, `NAME`, `KURZBESCHREIBUNG`, `DATUM`,`UNTERRICHT_ID`) VALUES (8, 'Objektorientierung Test 2', 'Lorem ipsum dolor sit amet', '2016-03-28', 2360);
INSERT INTO `NOTENVERWALTUNG`.`PRUEFUNG` (`ID`, `NAME`, `KURZBESCHREIBUNG`, `DATUM`,`UNTERRICHT_ID`) VALUES (9, 'UML Test', 'Lorem ipsum dolor sit amet', '2016-04-10', 2360);
INSERT INTO `NOTENVERWALTUNG`.`PRUEFUNG` (`ID`, `NAME`, `KURZBESCHREIBUNG`, `DATUM`,`UNTERRICHT_ID`) VALUES (10, 'Objektorientierung Test 1', 'Lorem ipsum dolor sit amet', '2016-02-11', 2361);
INSERT INTO `NOTENVERWALTUNG`.`PRUEFUNG` (`ID`, `NAME`, `KURZBESCHREIBUNG`, `DATUM`,`UNTERRICHT_ID`) VALUES (11, 'Objektorientierung Test 2', 'Lorem ipsum dolor sit amet', '2016-03-28', 2361);
INSERT INTO `NOTENVERWALTUNG`.`PRUEFUNG` (`ID`, `NAME`, `KURZBESCHREIBUNG`, `DATUM`,`UNTERRICHT_ID`) VALUES (12, 'UML Test', 'Lorem ipsum dolor sit amet', '2016-04-10', 2361);
INSERT INTO `NOTENVERWALTUNG`.`PRUEFUNG` (`ID`, `NAME`, `KURZBESCHREIBUNG`, `DATUM`,`UNTERRICHT_ID`) VALUES (13, 'Objektorientierung Test 1', 'Lorem ipsum dolor sit amet', '2016-02-11', 2396);
INSERT INTO `NOTENVERWALTUNG`.`PRUEFUNG` (`ID`, `NAME`, `KURZBESCHREIBUNG`, `DATUM`,`UNTERRICHT_ID`) VALUES (14, 'Objektorientierung Test 2', 'Lorem ipsum dolor sit amet', '2016-03-28', 2396);
INSERT INTO `NOTENVERWALTUNG`.`PRUEFUNG` (`ID`, `NAME`, `KURZBESCHREIBUNG`, `DATUM`,`UNTERRICHT_ID`) VALUES (15, 'UML Test', 'Lorem ipsum dolor sit amet', '2016-04-10', 2396);

COMMIT;

-- -----------------------------------------------------
-- Data for table `NOTENVERWALTUNG`.`SCHUELERPRUEFUNGSASSOZIATION`
-- -----------------------------------------------------
START TRANSACTION;
USE `NOTENVERWALTUNG`;
INSERT INTO `NOTENVERWALTUNG`.`SCHUELERPRUEFUNGSASSOZIATION` (`PRUEFUNG_ID`, `SCHUELER_ID`, `NOTE`) VALUES (1, 597, 3.8);
INSERT INTO `NOTENVERWALTUNG`.`SCHUELERPRUEFUNGSASSOZIATION` (`PRUEFUNG_ID`, `SCHUELER_ID`, `NOTE`) VALUES (1, 598, 4.8);
INSERT INTO `NOTENVERWALTUNG`.`SCHUELERPRUEFUNGSASSOZIATION` (`PRUEFUNG_ID`, `SCHUELER_ID`, `NOTE`) VALUES (1, 601, 5.2);
INSERT INTO `NOTENVERWALTUNG`.`SCHUELERPRUEFUNGSASSOZIATION` (`PRUEFUNG_ID`, `SCHUELER_ID`, `NOTE`) VALUES (1, 605, 6.0);
INSERT INTO `NOTENVERWALTUNG`.`SCHUELERPRUEFUNGSASSOZIATION` (`PRUEFUNG_ID`, `SCHUELER_ID`, `NOTE`) VALUES (1, 611, 5.3);
INSERT INTO `NOTENVERWALTUNG`.`SCHUELERPRUEFUNGSASSOZIATION` (`PRUEFUNG_ID`, `SCHUELER_ID`, `NOTE`) VALUES (1, 616, 5.8);
INSERT INTO `NOTENVERWALTUNG`.`SCHUELERPRUEFUNGSASSOZIATION` (`PRUEFUNG_ID`, `SCHUELER_ID`, `NOTE`) VALUES (1, 622, 4.2);
INSERT INTO `NOTENVERWALTUNG`.`SCHUELERPRUEFUNGSASSOZIATION` (`PRUEFUNG_ID`, `SCHUELER_ID`, `NOTE`) VALUES (1, 635, 5.2);
INSERT INTO `NOTENVERWALTUNG`.`SCHUELERPRUEFUNGSASSOZIATION` (`PRUEFUNG_ID`, `SCHUELER_ID`, `NOTE`) VALUES (1, 650, 4.2);
INSERT INTO `NOTENVERWALTUNG`.`SCHUELERPRUEFUNGSASSOZIATION` (`PRUEFUNG_ID`, `SCHUELER_ID`, `NOTE`) VALUES (1, 651, 5.1);
INSERT INTO `NOTENVERWALTUNG`.`SCHUELERPRUEFUNGSASSOZIATION` (`PRUEFUNG_ID`, `SCHUELER_ID`, `NOTE`) VALUES (1, 657, 5.0);
INSERT INTO `NOTENVERWALTUNG`.`SCHUELERPRUEFUNGSASSOZIATION` (`PRUEFUNG_ID`, `SCHUELER_ID`, `NOTE`) VALUES (1, 658, 4.8);

INSERT INTO `NOTENVERWALTUNG`.`SCHUELERPRUEFUNGSASSOZIATION` (`PRUEFUNG_ID`, `SCHUELER_ID`, `NOTE`) VALUES (2, 597, 4.0);
INSERT INTO `NOTENVERWALTUNG`.`SCHUELERPRUEFUNGSASSOZIATION` (`PRUEFUNG_ID`, `SCHUELER_ID`, `NOTE`) VALUES (2, 598, 4.8);
INSERT INTO `NOTENVERWALTUNG`.`SCHUELERPRUEFUNGSASSOZIATION` (`PRUEFUNG_ID`, `SCHUELER_ID`, `NOTE`) VALUES (2, 601, 5.5);
INSERT INTO `NOTENVERWALTUNG`.`SCHUELERPRUEFUNGSASSOZIATION` (`PRUEFUNG_ID`, `SCHUELER_ID`, `NOTE`) VALUES (2, 605, 4.8);
INSERT INTO `NOTENVERWALTUNG`.`SCHUELERPRUEFUNGSASSOZIATION` (`PRUEFUNG_ID`, `SCHUELER_ID`, `NOTE`) VALUES (2, 611, 5.2);
INSERT INTO `NOTENVERWALTUNG`.`SCHUELERPRUEFUNGSASSOZIATION` (`PRUEFUNG_ID`, `SCHUELER_ID`, `NOTE`) VALUES (2, 616, 6.0);
INSERT INTO `NOTENVERWALTUNG`.`SCHUELERPRUEFUNGSASSOZIATION` (`PRUEFUNG_ID`, `SCHUELER_ID`, `NOTE`) VALUES (2, 622, 4.2);
INSERT INTO `NOTENVERWALTUNG`.`SCHUELERPRUEFUNGSASSOZIATION` (`PRUEFUNG_ID`, `SCHUELER_ID`, `NOTE`) VALUES (2, 635, 5.2);
INSERT INTO `NOTENVERWALTUNG`.`SCHUELERPRUEFUNGSASSOZIATION` (`PRUEFUNG_ID`, `SCHUELER_ID`, `NOTE`) VALUES (2, 650, 6.0);
INSERT INTO `NOTENVERWALTUNG`.`SCHUELERPRUEFUNGSASSOZIATION` (`PRUEFUNG_ID`, `SCHUELER_ID`, `NOTE`) VALUES (2, 651, 5.2);
INSERT INTO `NOTENVERWALTUNG`.`SCHUELERPRUEFUNGSASSOZIATION` (`PRUEFUNG_ID`, `SCHUELER_ID`, `NOTE`) VALUES (2, 657, 4.2);
INSERT INTO `NOTENVERWALTUNG`.`SCHUELERPRUEFUNGSASSOZIATION` (`PRUEFUNG_ID`, `SCHUELER_ID`, `NOTE`) VALUES (2, 658, 4.9);

INSERT INTO `NOTENVERWALTUNG`.`SCHUELERPRUEFUNGSASSOZIATION` (`PRUEFUNG_ID`, `SCHUELER_ID`, `NOTE`) VALUES (3, 597, 5.2);
INSERT INTO `NOTENVERWALTUNG`.`SCHUELERPRUEFUNGSASSOZIATION` (`PRUEFUNG_ID`, `SCHUELER_ID`, `NOTE`) VALUES (3, 598, 5.6);
INSERT INTO `NOTENVERWALTUNG`.`SCHUELERPRUEFUNGSASSOZIATION` (`PRUEFUNG_ID`, `SCHUELER_ID`, `NOTE`) VALUES (3, 601, 5.9);
INSERT INTO `NOTENVERWALTUNG`.`SCHUELERPRUEFUNGSASSOZIATION` (`PRUEFUNG_ID`, `SCHUELER_ID`, `NOTE`) VALUES (3, 605, 6.0);
INSERT INTO `NOTENVERWALTUNG`.`SCHUELERPRUEFUNGSASSOZIATION` (`PRUEFUNG_ID`, `SCHUELER_ID`, `NOTE`) VALUES (3, 611, 4.7);
INSERT INTO `NOTENVERWALTUNG`.`SCHUELERPRUEFUNGSASSOZIATION` (`PRUEFUNG_ID`, `SCHUELER_ID`, `NOTE`) VALUES (3, 616, 5.3);
INSERT INTO `NOTENVERWALTUNG`.`SCHUELERPRUEFUNGSASSOZIATION` (`PRUEFUNG_ID`, `SCHUELER_ID`, `NOTE`) VALUES (3, 622, 4.9);
INSERT INTO `NOTENVERWALTUNG`.`SCHUELERPRUEFUNGSASSOZIATION` (`PRUEFUNG_ID`, `SCHUELER_ID`, `NOTE`) VALUES (3, 635, 5.0);
INSERT INTO `NOTENVERWALTUNG`.`SCHUELERPRUEFUNGSASSOZIATION` (`PRUEFUNG_ID`, `SCHUELER_ID`, `NOTE`) VALUES (3, 650, 5.4);
INSERT INTO `NOTENVERWALTUNG`.`SCHUELERPRUEFUNGSASSOZIATION` (`PRUEFUNG_ID`, `SCHUELER_ID`, `NOTE`) VALUES (3, 651, 4.6);
INSERT INTO `NOTENVERWALTUNG`.`SCHUELERPRUEFUNGSASSOZIATION` (`PRUEFUNG_ID`, `SCHUELER_ID`, `NOTE`) VALUES (3, 657, 4.3);
INSERT INTO `NOTENVERWALTUNG`.`SCHUELERPRUEFUNGSASSOZIATION` (`PRUEFUNG_ID`, `SCHUELER_ID`, `NOTE`) VALUES (3, 658, 5.2);

INSERT INTO `NOTENVERWALTUNG`.`SCHUELERPRUEFUNGSASSOZIATION` (`PRUEFUNG_ID`, `SCHUELER_ID`, `NOTE`) VALUES (4, 585, 6.0);
INSERT INTO `NOTENVERWALTUNG`.`SCHUELERPRUEFUNGSASSOZIATION` (`PRUEFUNG_ID`, `SCHUELER_ID`, `NOTE`) VALUES (4, 596, 4.7);
INSERT INTO `NOTENVERWALTUNG`.`SCHUELERPRUEFUNGSASSOZIATION` (`PRUEFUNG_ID`, `SCHUELER_ID`, `NOTE`) VALUES (4, 602, 5.3);
INSERT INTO `NOTENVERWALTUNG`.`SCHUELERPRUEFUNGSASSOZIATION` (`PRUEFUNG_ID`, `SCHUELER_ID`, `NOTE`) VALUES (4, 615, 4.9);
INSERT INTO `NOTENVERWALTUNG`.`SCHUELERPRUEFUNGSASSOZIATION` (`PRUEFUNG_ID`, `SCHUELER_ID`, `NOTE`) VALUES (4, 617, 5.0);
INSERT INTO `NOTENVERWALTUNG`.`SCHUELERPRUEFUNGSASSOZIATION` (`PRUEFUNG_ID`, `SCHUELER_ID`, `NOTE`) VALUES (4, 623, 5.4);
INSERT INTO `NOTENVERWALTUNG`.`SCHUELERPRUEFUNGSASSOZIATION` (`PRUEFUNG_ID`, `SCHUELER_ID`, `NOTE`) VALUES (4, 668, 4.6);

INSERT INTO `NOTENVERWALTUNG`.`SCHUELERPRUEFUNGSASSOZIATION` (`PRUEFUNG_ID`, `SCHUELER_ID`, `NOTE`) VALUES (5, 585, 3.8);
INSERT INTO `NOTENVERWALTUNG`.`SCHUELERPRUEFUNGSASSOZIATION` (`PRUEFUNG_ID`, `SCHUELER_ID`, `NOTE`) VALUES (5, 596, 4.8);
INSERT INTO `NOTENVERWALTUNG`.`SCHUELERPRUEFUNGSASSOZIATION` (`PRUEFUNG_ID`, `SCHUELER_ID`, `NOTE`) VALUES (5, 602, 5.2);
INSERT INTO `NOTENVERWALTUNG`.`SCHUELERPRUEFUNGSASSOZIATION` (`PRUEFUNG_ID`, `SCHUELER_ID`, `NOTE`) VALUES (5, 615, 6.0);
INSERT INTO `NOTENVERWALTUNG`.`SCHUELERPRUEFUNGSASSOZIATION` (`PRUEFUNG_ID`, `SCHUELER_ID`, `NOTE`) VALUES (5, 617, 5.3);
INSERT INTO `NOTENVERWALTUNG`.`SCHUELERPRUEFUNGSASSOZIATION` (`PRUEFUNG_ID`, `SCHUELER_ID`, `NOTE`) VALUES (5, 623, 5.8);
INSERT INTO `NOTENVERWALTUNG`.`SCHUELERPRUEFUNGSASSOZIATION` (`PRUEFUNG_ID`, `SCHUELER_ID`, `NOTE`) VALUES (5, 668, 4.2);

INSERT INTO `NOTENVERWALTUNG`.`SCHUELERPRUEFUNGSASSOZIATION` (`PRUEFUNG_ID`, `SCHUELER_ID`, `NOTE`) VALUES (6, 585, 5.3);
INSERT INTO `NOTENVERWALTUNG`.`SCHUELERPRUEFUNGSASSOZIATION` (`PRUEFUNG_ID`, `SCHUELER_ID`, `NOTE`) VALUES (6, 596, 4.9);
INSERT INTO `NOTENVERWALTUNG`.`SCHUELERPRUEFUNGSASSOZIATION` (`PRUEFUNG_ID`, `SCHUELER_ID`, `NOTE`) VALUES (6, 602, 5.0);
INSERT INTO `NOTENVERWALTUNG`.`SCHUELERPRUEFUNGSASSOZIATION` (`PRUEFUNG_ID`, `SCHUELER_ID`, `NOTE`) VALUES (6, 615, 5.4);
INSERT INTO `NOTENVERWALTUNG`.`SCHUELERPRUEFUNGSASSOZIATION` (`PRUEFUNG_ID`, `SCHUELER_ID`, `NOTE`) VALUES (6, 617, 4.6);
INSERT INTO `NOTENVERWALTUNG`.`SCHUELERPRUEFUNGSASSOZIATION` (`PRUEFUNG_ID`, `SCHUELER_ID`, `NOTE`) VALUES (6, 623, 4.3);
INSERT INTO `NOTENVERWALTUNG`.`SCHUELERPRUEFUNGSASSOZIATION` (`PRUEFUNG_ID`, `SCHUELER_ID`, `NOTE`) VALUES (6, 668, 5.2);

INSERT INTO `NOTENVERWALTUNG`.`SCHUELERPRUEFUNGSASSOZIATION` (`PRUEFUNG_ID`, `SCHUELER_ID`, `NOTE`) VALUES (7, 586, 5.9);
INSERT INTO `NOTENVERWALTUNG`.`SCHUELERPRUEFUNGSASSOZIATION` (`PRUEFUNG_ID`, `SCHUELER_ID`, `NOTE`) VALUES (7, 588, 6.0);
INSERT INTO `NOTENVERWALTUNG`.`SCHUELERPRUEFUNGSASSOZIATION` (`PRUEFUNG_ID`, `SCHUELER_ID`, `NOTE`) VALUES (7, 618, 4.7);
INSERT INTO `NOTENVERWALTUNG`.`SCHUELERPRUEFUNGSASSOZIATION` (`PRUEFUNG_ID`, `SCHUELER_ID`, `NOTE`) VALUES (7, 628, 5.3);
INSERT INTO `NOTENVERWALTUNG`.`SCHUELERPRUEFUNGSASSOZIATION` (`PRUEFUNG_ID`, `SCHUELER_ID`, `NOTE`) VALUES (7, 634, 4.9);
INSERT INTO `NOTENVERWALTUNG`.`SCHUELERPRUEFUNGSASSOZIATION` (`PRUEFUNG_ID`, `SCHUELER_ID`, `NOTE`) VALUES (7, 642, 5.0);
INSERT INTO `NOTENVERWALTUNG`.`SCHUELERPRUEFUNGSASSOZIATION` (`PRUEFUNG_ID`, `SCHUELER_ID`, `NOTE`) VALUES (7, 654, 5.4);

INSERT INTO `NOTENVERWALTUNG`.`SCHUELERPRUEFUNGSASSOZIATION` (`PRUEFUNG_ID`, `SCHUELER_ID`, `NOTE`) VALUES (8, 586, 5.2);
INSERT INTO `NOTENVERWALTUNG`.`SCHUELERPRUEFUNGSASSOZIATION` (`PRUEFUNG_ID`, `SCHUELER_ID`, `NOTE`) VALUES (8, 588, 6.0);
INSERT INTO `NOTENVERWALTUNG`.`SCHUELERPRUEFUNGSASSOZIATION` (`PRUEFUNG_ID`, `SCHUELER_ID`, `NOTE`) VALUES (8, 618, 5.3);
INSERT INTO `NOTENVERWALTUNG`.`SCHUELERPRUEFUNGSASSOZIATION` (`PRUEFUNG_ID`, `SCHUELER_ID`, `NOTE`) VALUES (8, 628, 5.8);
INSERT INTO `NOTENVERWALTUNG`.`SCHUELERPRUEFUNGSASSOZIATION` (`PRUEFUNG_ID`, `SCHUELER_ID`, `NOTE`) VALUES (8, 634, 4.2);
INSERT INTO `NOTENVERWALTUNG`.`SCHUELERPRUEFUNGSASSOZIATION` (`PRUEFUNG_ID`, `SCHUELER_ID`, `NOTE`) VALUES (8, 642, 5.2);
INSERT INTO `NOTENVERWALTUNG`.`SCHUELERPRUEFUNGSASSOZIATION` (`PRUEFUNG_ID`, `SCHUELER_ID`, `NOTE`) VALUES (8, 654, 4.2);

INSERT INTO `NOTENVERWALTUNG`.`SCHUELERPRUEFUNGSASSOZIATION` (`PRUEFUNG_ID`, `SCHUELER_ID`, `NOTE`) VALUES (9, 586, 3.8);
INSERT INTO `NOTENVERWALTUNG`.`SCHUELERPRUEFUNGSASSOZIATION` (`PRUEFUNG_ID`, `SCHUELER_ID`, `NOTE`) VALUES (9, 588, 4.8);
INSERT INTO `NOTENVERWALTUNG`.`SCHUELERPRUEFUNGSASSOZIATION` (`PRUEFUNG_ID`, `SCHUELER_ID`, `NOTE`) VALUES (9, 618, 5.2);
INSERT INTO `NOTENVERWALTUNG`.`SCHUELERPRUEFUNGSASSOZIATION` (`PRUEFUNG_ID`, `SCHUELER_ID`, `NOTE`) VALUES (9, 628, 6.0);
INSERT INTO `NOTENVERWALTUNG`.`SCHUELERPRUEFUNGSASSOZIATION` (`PRUEFUNG_ID`, `SCHUELER_ID`, `NOTE`) VALUES (9, 634, 5.3);
INSERT INTO `NOTENVERWALTUNG`.`SCHUELERPRUEFUNGSASSOZIATION` (`PRUEFUNG_ID`, `SCHUELER_ID`, `NOTE`) VALUES (9, 642, 5.8);
INSERT INTO `NOTENVERWALTUNG`.`SCHUELERPRUEFUNGSASSOZIATION` (`PRUEFUNG_ID`, `SCHUELER_ID`, `NOTE`) VALUES (9, 654, 4.2);

INSERT INTO `NOTENVERWALTUNG`.`SCHUELERPRUEFUNGSASSOZIATION` (`PRUEFUNG_ID`, `SCHUELER_ID`, `NOTE`) VALUES (10, 590, 3.8);
INSERT INTO `NOTENVERWALTUNG`.`SCHUELERPRUEFUNGSASSOZIATION` (`PRUEFUNG_ID`, `SCHUELER_ID`, `NOTE`) VALUES (10, 591, 4.8);
INSERT INTO `NOTENVERWALTUNG`.`SCHUELERPRUEFUNGSASSOZIATION` (`PRUEFUNG_ID`, `SCHUELER_ID`, `NOTE`) VALUES (10, 592, 5.2);
INSERT INTO `NOTENVERWALTUNG`.`SCHUELERPRUEFUNGSASSOZIATION` (`PRUEFUNG_ID`, `SCHUELER_ID`, `NOTE`) VALUES (10, 599, 4.8);
INSERT INTO `NOTENVERWALTUNG`.`SCHUELERPRUEFUNGSASSOZIATION` (`PRUEFUNG_ID`, `SCHUELER_ID`, `NOTE`) VALUES (10, 603, 5.2);
INSERT INTO `NOTENVERWALTUNG`.`SCHUELERPRUEFUNGSASSOZIATION` (`PRUEFUNG_ID`, `SCHUELER_ID`, `NOTE`) VALUES (10, 609, 6.0);
INSERT INTO `NOTENVERWALTUNG`.`SCHUELERPRUEFUNGSASSOZIATION` (`PRUEFUNG_ID`, `SCHUELER_ID`, `NOTE`) VALUES (10, 613, 5.3);
INSERT INTO `NOTENVERWALTUNG`.`SCHUELERPRUEFUNGSASSOZIATION` (`PRUEFUNG_ID`, `SCHUELER_ID`, `NOTE`) VALUES (10, 625, 5.2);
INSERT INTO `NOTENVERWALTUNG`.`SCHUELERPRUEFUNGSASSOZIATION` (`PRUEFUNG_ID`, `SCHUELER_ID`, `NOTE`) VALUES (10, 627, 4.2);
INSERT INTO `NOTENVERWALTUNG`.`SCHUELERPRUEFUNGSASSOZIATION` (`PRUEFUNG_ID`, `SCHUELER_ID`, `NOTE`) VALUES (10, 632, 5.1);
INSERT INTO `NOTENVERWALTUNG`.`SCHUELERPRUEFUNGSASSOZIATION` (`PRUEFUNG_ID`, `SCHUELER_ID`, `NOTE`) VALUES (10, 640, 5.0);
INSERT INTO `NOTENVERWALTUNG`.`SCHUELERPRUEFUNGSASSOZIATION` (`PRUEFUNG_ID`, `SCHUELER_ID`, `NOTE`) VALUES (10, 643, 5.2);
INSERT INTO `NOTENVERWALTUNG`.`SCHUELERPRUEFUNGSASSOZIATION` (`PRUEFUNG_ID`, `SCHUELER_ID`, `NOTE`) VALUES (10, 647, 6.0);
INSERT INTO `NOTENVERWALTUNG`.`SCHUELERPRUEFUNGSASSOZIATION` (`PRUEFUNG_ID`, `SCHUELER_ID`, `NOTE`) VALUES (10, 648, 5.2);
INSERT INTO `NOTENVERWALTUNG`.`SCHUELERPRUEFUNGSASSOZIATION` (`PRUEFUNG_ID`, `SCHUELER_ID`, `NOTE`) VALUES (10, 649, 5.5);
INSERT INTO `NOTENVERWALTUNG`.`SCHUELERPRUEFUNGSASSOZIATION` (`PRUEFUNG_ID`, `SCHUELER_ID`, `NOTE`) VALUES (10, 660, 4.2);
INSERT INTO `NOTENVERWALTUNG`.`SCHUELERPRUEFUNGSASSOZIATION` (`PRUEFUNG_ID`, `SCHUELER_ID`, `NOTE`) VALUES (10, 667, 4.9);

INSERT INTO `NOTENVERWALTUNG`.`SCHUELERPRUEFUNGSASSOZIATION` (`PRUEFUNG_ID`, `SCHUELER_ID`, `NOTE`) VALUES (11, 590, 4.7);
INSERT INTO `NOTENVERWALTUNG`.`SCHUELERPRUEFUNGSASSOZIATION` (`PRUEFUNG_ID`, `SCHUELER_ID`, `NOTE`) VALUES (11, 591, 5.3);
INSERT INTO `NOTENVERWALTUNG`.`SCHUELERPRUEFUNGSASSOZIATION` (`PRUEFUNG_ID`, `SCHUELER_ID`, `NOTE`) VALUES (11, 592, 4.9);
INSERT INTO `NOTENVERWALTUNG`.`SCHUELERPRUEFUNGSASSOZIATION` (`PRUEFUNG_ID`, `SCHUELER_ID`, `NOTE`) VALUES (11, 599, 5.0);
INSERT INTO `NOTENVERWALTUNG`.`SCHUELERPRUEFUNGSASSOZIATION` (`PRUEFUNG_ID`, `SCHUELER_ID`, `NOTE`) VALUES (11, 603, 5.4);
INSERT INTO `NOTENVERWALTUNG`.`SCHUELERPRUEFUNGSASSOZIATION` (`PRUEFUNG_ID`, `SCHUELER_ID`, `NOTE`) VALUES (11, 609, 4.0);
INSERT INTO `NOTENVERWALTUNG`.`SCHUELERPRUEFUNGSASSOZIATION` (`PRUEFUNG_ID`, `SCHUELER_ID`, `NOTE`) VALUES (11, 613, 4.8);
INSERT INTO `NOTENVERWALTUNG`.`SCHUELERPRUEFUNGSASSOZIATION` (`PRUEFUNG_ID`, `SCHUELER_ID`, `NOTE`) VALUES (11, 625, 5.5);
INSERT INTO `NOTENVERWALTUNG`.`SCHUELERPRUEFUNGSASSOZIATION` (`PRUEFUNG_ID`, `SCHUELER_ID`, `NOTE`) VALUES (11, 627, 4.8);
INSERT INTO `NOTENVERWALTUNG`.`SCHUELERPRUEFUNGSASSOZIATION` (`PRUEFUNG_ID`, `SCHUELER_ID`, `NOTE`) VALUES (11, 632, 5.2);
INSERT INTO `NOTENVERWALTUNG`.`SCHUELERPRUEFUNGSASSOZIATION` (`PRUEFUNG_ID`, `SCHUELER_ID`, `NOTE`) VALUES (11, 640, 6.0);
INSERT INTO `NOTENVERWALTUNG`.`SCHUELERPRUEFUNGSASSOZIATION` (`PRUEFUNG_ID`, `SCHUELER_ID`, `NOTE`) VALUES (11, 643, 4.2);
INSERT INTO `NOTENVERWALTUNG`.`SCHUELERPRUEFUNGSASSOZIATION` (`PRUEFUNG_ID`, `SCHUELER_ID`, `NOTE`) VALUES (11, 647, 5.2);
INSERT INTO `NOTENVERWALTUNG`.`SCHUELERPRUEFUNGSASSOZIATION` (`PRUEFUNG_ID`, `SCHUELER_ID`, `NOTE`) VALUES (11, 648, 6.0);
INSERT INTO `NOTENVERWALTUNG`.`SCHUELERPRUEFUNGSASSOZIATION` (`PRUEFUNG_ID`, `SCHUELER_ID`, `NOTE`) VALUES (11, 649, 4.9);
INSERT INTO `NOTENVERWALTUNG`.`SCHUELERPRUEFUNGSASSOZIATION` (`PRUEFUNG_ID`, `SCHUELER_ID`, `NOTE`) VALUES (11, 660, 5.2);
INSERT INTO `NOTENVERWALTUNG`.`SCHUELERPRUEFUNGSASSOZIATION` (`PRUEFUNG_ID`, `SCHUELER_ID`, `NOTE`) VALUES (11, 667, 4.3);

INSERT INTO `NOTENVERWALTUNG`.`SCHUELERPRUEFUNGSASSOZIATION` (`PRUEFUNG_ID`, `SCHUELER_ID`, `NOTE`) VALUES (12, 590, 4.9);
INSERT INTO `NOTENVERWALTUNG`.`SCHUELERPRUEFUNGSASSOZIATION` (`PRUEFUNG_ID`, `SCHUELER_ID`, `NOTE`) VALUES (12, 591, 5.8);
INSERT INTO `NOTENVERWALTUNG`.`SCHUELERPRUEFUNGSASSOZIATION` (`PRUEFUNG_ID`, `SCHUELER_ID`, `NOTE`) VALUES (12, 592, 4.9);
INSERT INTO `NOTENVERWALTUNG`.`SCHUELERPRUEFUNGSASSOZIATION` (`PRUEFUNG_ID`, `SCHUELER_ID`, `NOTE`) VALUES (12, 599, 5.2);
INSERT INTO `NOTENVERWALTUNG`.`SCHUELERPRUEFUNGSASSOZIATION` (`PRUEFUNG_ID`, `SCHUELER_ID`, `NOTE`) VALUES (12, 603, 5.6);
INSERT INTO `NOTENVERWALTUNG`.`SCHUELERPRUEFUNGSASSOZIATION` (`PRUEFUNG_ID`, `SCHUELER_ID`, `NOTE`) VALUES (12, 609, 5.9);
INSERT INTO `NOTENVERWALTUNG`.`SCHUELERPRUEFUNGSASSOZIATION` (`PRUEFUNG_ID`, `SCHUELER_ID`, `NOTE`) VALUES (12, 613, 6.0);
INSERT INTO `NOTENVERWALTUNG`.`SCHUELERPRUEFUNGSASSOZIATION` (`PRUEFUNG_ID`, `SCHUELER_ID`, `NOTE`) VALUES (12, 625, 4.7);
INSERT INTO `NOTENVERWALTUNG`.`SCHUELERPRUEFUNGSASSOZIATION` (`PRUEFUNG_ID`, `SCHUELER_ID`, `NOTE`) VALUES (12, 627, 5.3);
INSERT INTO `NOTENVERWALTUNG`.`SCHUELERPRUEFUNGSASSOZIATION` (`PRUEFUNG_ID`, `SCHUELER_ID`, `NOTE`) VALUES (12, 632, 4.9);
INSERT INTO `NOTENVERWALTUNG`.`SCHUELERPRUEFUNGSASSOZIATION` (`PRUEFUNG_ID`, `SCHUELER_ID`, `NOTE`) VALUES (12, 640, 5.0);
INSERT INTO `NOTENVERWALTUNG`.`SCHUELERPRUEFUNGSASSOZIATION` (`PRUEFUNG_ID`, `SCHUELER_ID`, `NOTE`) VALUES (12, 643, 5.4);
INSERT INTO `NOTENVERWALTUNG`.`SCHUELERPRUEFUNGSASSOZIATION` (`PRUEFUNG_ID`, `SCHUELER_ID`, `NOTE`) VALUES (12, 647, 4.6);
INSERT INTO `NOTENVERWALTUNG`.`SCHUELERPRUEFUNGSASSOZIATION` (`PRUEFUNG_ID`, `SCHUELER_ID`, `NOTE`) VALUES (12, 648, 4.3);
INSERT INTO `NOTENVERWALTUNG`.`SCHUELERPRUEFUNGSASSOZIATION` (`PRUEFUNG_ID`, `SCHUELER_ID`, `NOTE`) VALUES (12, 649, 5.0);
INSERT INTO `NOTENVERWALTUNG`.`SCHUELERPRUEFUNGSASSOZIATION` (`PRUEFUNG_ID`, `SCHUELER_ID`, `NOTE`) VALUES (12, 660, 5.2);
INSERT INTO `NOTENVERWALTUNG`.`SCHUELERPRUEFUNGSASSOZIATION` (`PRUEFUNG_ID`, `SCHUELER_ID`, `NOTE`) VALUES (12, 667, 4.9);

INSERT INTO `NOTENVERWALTUNG`.`SCHUELERPRUEFUNGSASSOZIATION` (`PRUEFUNG_ID`, `SCHUELER_ID`, `NOTE`) VALUES (13, 594, 5.6);
INSERT INTO `NOTENVERWALTUNG`.`SCHUELERPRUEFUNGSASSOZIATION` (`PRUEFUNG_ID`, `SCHUELER_ID`, `NOTE`) VALUES (14, 594, 5.7);
INSERT INTO `NOTENVERWALTUNG`.`SCHUELERPRUEFUNGSASSOZIATION` (`PRUEFUNG_ID`, `SCHUELER_ID`, `NOTE`) VALUES (15, 594, 5.2);

COMMIT;

-- -----------------------------------------------------
-- Data for table `NOTENVERWALTUNG`.`ADMIN`
-- -----------------------------------------------------
START TRANSACTION;
USE `NOTENVERWALTUNG`;
INSERT INTO `NOTENVERWALTUNG`.`ADMIN` (`ID`, `NAME`, `VORNAME`, `LOGIN_ID`) VALUES (1, 'Schaub', 'Rolf', 1);

COMMIT;

-- -----------------------------------------------------
-- Creating User and granting rights
-- -----------------------------------------------------
CREATE USER 'dbUser'@'localhost' IDENTIFIED BY 'pw4DB';
GRANT SELECT, INSERT, UPDATE, DELETE ON `notenverwaltung`.* TO 'dbUser'@'localhost';
FLUSH PRIVILEGES;



