-- MySQL Workbench Forward Engineering

SET @OLD_UNIQUE_CHECKS=@@UNIQUE_CHECKS, UNIQUE_CHECKS=0;
SET @OLD_FOREIGN_KEY_CHECKS=@@FOREIGN_KEY_CHECKS, FOREIGN_KEY_CHECKS=0;
SET @OLD_SQL_MODE=@@SQL_MODE, SQL_MODE='TRADITIONAL,ALLOW_INVALID_DATES';

-- -----------------------------------------------------
-- Schema NOTENVERWALTUNG
-- -----------------------------------------------------
DROP SCHEMA IF EXISTS `NOTENVERWALTUNG` ;

-- -----------------------------------------------------
-- Schema NOTENVERWALTUNG
-- -----------------------------------------------------
CREATE SCHEMA IF NOT EXISTS `NOTENVERWALTUNG` DEFAULT CHARACTER SET utf8 ;
USE `NOTENVERWALTUNG` ;

-- -----------------------------------------------------
-- Table `NOTENVERWALTUNG`.`MODUL`
-- -----------------------------------------------------
DROP TABLE IF EXISTS `NOTENVERWALTUNG`.`MODUL` ;

CREATE TABLE IF NOT EXISTS `NOTENVERWALTUNG`.`MODUL` (
  `ID` INT NOT NULL AUTO_INCREMENT,
  `BEZEICHNUNG` VARCHAR(10) NOT NULL,
  `NAME` VARCHAR(45) NOT NULL,
  `KURZBESCHREIBUNG` TEXT NULL,
  PRIMARY KEY (`ID`))
ENGINE = InnoDB;


-- -----------------------------------------------------
-- Table `NOTENVERWALTUNG`.`LOGIN`
-- -----------------------------------------------------
DROP TABLE IF EXISTS `NOTENVERWALTUNG`.`LOGIN` ;

CREATE TABLE IF NOT EXISTS `NOTENVERWALTUNG`.`LOGIN` (
  `ID` INT NOT NULL AUTO_INCREMENT,
  `LOGINNAME` VARCHAR(45) NOT NULL,
  `PASSWORT` VARCHAR(45) NOT NULL,
  `ADMIN` TINYINT(1) NULL,
  PRIMARY KEY (`ID`))
ENGINE = InnoDB;


-- -----------------------------------------------------
-- Table `NOTENVERWALTUNG`.`LEHRER`
-- -----------------------------------------------------
DROP TABLE IF EXISTS `NOTENVERWALTUNG`.`LEHRER` ;

CREATE TABLE IF NOT EXISTS `NOTENVERWALTUNG`.`LEHRER` (
  `ID` INT NOT NULL AUTO_INCREMENT,
  `NAME` VARCHAR(45) NOT NULL,
  `VORNAME` VARCHAR(44) NOT NULL,
  `LOGIN_ID` INT NOT NULL,
  PRIMARY KEY (`ID`),
  INDEX `fk_Lehrer_Login1_idx` (`LOGIN_ID` ASC),
  CONSTRAINT `fk_Lehrer_Login`
    FOREIGN KEY (`LOGIN_ID`)
    REFERENCES `NOTENVERWALTUNG`.`LOGIN` (`ID`)
    ON DELETE NO ACTION
    ON UPDATE NO ACTION)
ENGINE = InnoDB;


-- -----------------------------------------------------
-- Table `NOTENVERWALTUNG`.`KLASSE`
-- -----------------------------------------------------
DROP TABLE IF EXISTS `NOTENVERWALTUNG`.`KLASSE` ;

CREATE TABLE IF NOT EXISTS `NOTENVERWALTUNG`.`KLASSE` (
  `ID` INT NOT NULL AUTO_INCREMENT,
  `BEZEICHNUNG` VARCHAR(12) NOT NULL,
  PRIMARY KEY (`ID`))
ENGINE = InnoDB;


-- -----------------------------------------------------
-- Table `NOTENVERWALTUNG`.`UNTERRICHT`
-- -----------------------------------------------------
DROP TABLE IF EXISTS `NOTENVERWALTUNG`.`UNTERRICHT` ;

CREATE TABLE IF NOT EXISTS `NOTENVERWALTUNG`.`UNTERRICHT` (
  `ID` INT NOT NULL AUTO_INCREMENT,
  `LEHRER_ID` INT NOT NULL,
  `KLASSE_ID` INT NOT NULL,
  `MODUL_ID` INT NOT NULL,
  PRIMARY KEY (`ID`),
  INDEX `fk_Lehrer_has_Klasse_Klasse1_idx` (`KLASSE_ID` ASC),
  INDEX `fk_Lehrer_has_Klasse_Lehrer1_idx` (`LEHRER_ID` ASC),
  INDEX `fk_Unterricht_Modul1_idx` (`MODUL_ID` ASC),
  CONSTRAINT `fk_Lehrer_has_Klasse_Lehrer`
    FOREIGN KEY (`LEHRER_ID`)
    REFERENCES `NOTENVERWALTUNG`.`LEHRER` (`ID`)
    ON DELETE NO ACTION
    ON UPDATE NO ACTION,
  CONSTRAINT `fk_Lehrer_has_Klasse_Klasse`
    FOREIGN KEY (`KLASSE_ID`)
    REFERENCES `NOTENVERWALTUNG`.`KLASSE` (`ID`)
    ON DELETE NO ACTION
    ON UPDATE NO ACTION,
  CONSTRAINT `fk_Unterricht_Modul`
    FOREIGN KEY (`MODUL_ID`)
    REFERENCES `NOTENVERWALTUNG`.`MODUL` (`ID`)
    ON DELETE NO ACTION
    ON UPDATE NO ACTION)
ENGINE = InnoDB;


-- -----------------------------------------------------
-- Table `NOTENVERWALTUNG`.`PRUEFUNG`
-- -----------------------------------------------------
DROP TABLE IF EXISTS `NOTENVERWALTUNG`.`PRUEFUNG` ;

CREATE TABLE IF NOT EXISTS `NOTENVERWALTUNG`.`PRUEFUNG` (
  `ID` INT NOT NULL AUTO_INCREMENT,
  `NAME` VARCHAR(45) NOT NULL,
  `KURZBESCHREIBUNG` TEXT NULL,
  `DATUM` DATE NOT NULL,
  `UNTERRICHT_ID` INT NOT NULL,
  PRIMARY KEY (`ID`),
  INDEX `fk_Pruefung_Unterricht1_idx` (`UNTERRICHT_ID` ASC),
  CONSTRAINT `fk_Pruefung_Unterricht`
    FOREIGN KEY (`UNTERRICHT_ID`)
    REFERENCES `NOTENVERWALTUNG`.`UNTERRICHT` (`ID`)
    ON DELETE NO ACTION
    ON UPDATE NO ACTION)
ENGINE = InnoDB;


-- -----------------------------------------------------
-- Table `NOTENVERWALTUNG`.`SCHUELER`
-- -----------------------------------------------------
DROP TABLE IF EXISTS `NOTENVERWALTUNG`.`SCHUELER` ;

CREATE TABLE IF NOT EXISTS `NOTENVERWALTUNG`.`SCHUELER` (
  `ID` INT NOT NULL AUTO_INCREMENT,
  `NAME` VARCHAR(45) NOT NULL,
  `VORNAME` VARCHAR(45) NULL,
  `KLASSE_ID` INT NOT NULL,
  PRIMARY KEY (`ID`),
  INDEX `fk_Schüler_Klasse1_idx` (`KLASSE_ID` ASC),
  CONSTRAINT `fk_Schüler_Klasse`
    FOREIGN KEY (`KLASSE_ID`)
    REFERENCES `NOTENVERWALTUNG`.`KLASSE` (`ID`)
    ON DELETE NO ACTION
    ON UPDATE NO ACTION)
ENGINE = InnoDB;


-- -----------------------------------------------------
-- Table `NOTENVERWALTUNG`.`SCHUELERPRUEFUNGSASSOZIATION`
-- -----------------------------------------------------
DROP TABLE IF EXISTS `NOTENVERWALTUNG`.`SCHUELERPRUEFUNGSASSOZIATION` ;

CREATE TABLE IF NOT EXISTS `NOTENVERWALTUNG`.`SCHUELERPRUEFUNGSASSOZIATION` (
  `PRUEFUNG_ID` INT NOT NULL,
  `SCHUELER_ID` INT NOT NULL,
  `NOTE` DOUBLE NOT NULL,
  PRIMARY KEY (`PRUEFUNG_ID`, `SCHUELER_ID`),
  INDEX `fk_Pruefung_has_Schueler_Schueler1_idx` (`SCHUELER_ID` ASC),
  INDEX `fk_Pruefung_has_Schueler_Pruefung1_idx` (`PRUEFUNG_ID` ASC),
  CONSTRAINT `fk_Pruefung_has_Schueler_Pruefung`
    FOREIGN KEY (`PRUEFUNG_ID`)
    REFERENCES `NOTENVERWALTUNG`.`PRUEFUNG` (`ID`)
    ON DELETE NO ACTION
    ON UPDATE NO ACTION,
  CONSTRAINT `fk_Pruefung_has_Schueler_Schueler`
    FOREIGN KEY (`SCHUELER_ID`)
    REFERENCES `NOTENVERWALTUNG`.`SCHUELER` (`ID`)
    ON DELETE NO ACTION
    ON UPDATE NO ACTION)
ENGINE = InnoDB;


-- -----------------------------------------------------
-- Table `NOTENVERWALTUNG`.`ADMIN`
-- -----------------------------------------------------
DROP TABLE IF EXISTS `NOTENVERWALTUNG`.`ADMIN` ;

CREATE TABLE IF NOT EXISTS `NOTENVERWALTUNG`.`ADMIN` (
  `ID` INT NOT NULL AUTO_INCREMENT,
  `NAME` VARCHAR(45) NOT NULL,
  `VORNAME` VARCHAR(45) NOT NULL,
  `LOGIN_ID` INT NOT NULL,
  PRIMARY KEY (`ID`),
  INDEX `fk_Admin_Login1_idx` (`LOGIN_ID` ASC),
  CONSTRAINT `fk_Admin_Login`
    FOREIGN KEY (`LOGIN_ID`)
    REFERENCES `NOTENVERWALTUNG`.`LOGIN` (`ID`)
    ON DELETE NO ACTION
    ON UPDATE NO ACTION)
ENGINE = InnoDB;

USE `NOTENVERWALTUNG` ;

-- -----------------------------------------------------
-- Placeholder table for view `NOTENVERWALTUNG`.`NOTENUEBERSICHT`
-- -----------------------------------------------------
CREATE TABLE IF NOT EXISTS `NOTENVERWALTUNG`.`NOTENUEBERSICHT` (`SNAME` INT, `PNAME` INT, `NOTE` INT);

-- -----------------------------------------------------
-- Placeholder table for view `NOTENVERWALTUNG`.`SCHULUEBERSICHT`
-- -----------------------------------------------------
CREATE TABLE IF NOT EXISTS `NOTENVERWALTUNG`.`SCHULUEBERSICHT` (`LOGIN_ID` INT, `LEHRER_ID`INT, `MODUL_ID` INT, `KLASSE_ID` INT, `LEHRERVNAME` INT, `LEHRERNAME` INT, `MODUL` INT, `KLASSE` INT);

-- -----------------------------------------------------
-- Placeholder table for view `NOTENVERWALTUNG`.`UNTERRICHT_VIEW`
-- -----------------------------------------------------
CREATE TABLE IF NOT EXISTS `NOTENVERWALTUNG`.`PRUEFUNG_VIEW` (`LOGIN` INT, `NAME` INT, `VNAME` INT, `MODUL` INT, `KLASSE` INT);

-- -----------------------------------------------------
-- View `NOTENVERWALTUNG`.`NOTENUEBERSICHT`
-- -----------------------------------------------------
DROP VIEW IF EXISTS `NOTENVERWALTUNG`.`NOTENUEBERSICHT` ;
DROP TABLE IF EXISTS `NOTENVERWALTUNG`.`NOTENUEBERSICHT`;
USE `NOTENVERWALTUNG`;
CREATE  OR REPLACE VIEW `NOTENUEBERSICHT` AS
    SELECT 
        SCHUELER.NAME AS SNAME,
        PRUEFUNG.NAME AS PNAME,
        SCHUELERPRUEFUNGSASSOZIATION.NOTE
    FROM
        SCHUELERPRUEFUNGSASSOZIATION
            INNER JOIN
        SCHUELER ON SCHUELERPRUEFUNGSASSOZIATION.SCHUELER_ID = SCHUELER.ID
            INNER JOIN
        PRUEFUNG ON SCHUELERPRUEFUNGSASSOZIATION.PRUEFUNG_ID = PRUEFUNG.ID
;

-- -----------------------------------------------------
-- View `NOTENVERWALTUNG`.`SCHULUEBERSICHT`
-- -----------------------------------------------------
DROP VIEW IF EXISTS `NOTENVERWALTUNG`.`SCHULUEBERSICHT` ;
DROP TABLE IF EXISTS `NOTENVERWALTUNG`.`SCHULUEBERSICHT`;
USE `NOTENVERWALTUNG`;
CREATE  OR REPLACE VIEW `SCHULUEBERSICHT` AS
    SELECT 
        UNTERRICHT.ID AS ID,
        LEHRER.ID AS LEHRER_ID,
        KLASSE.ID AS KLASSE_ID,
        MODUL.ID AS MODUL_ID,
        MODUL.BEZEICHNUNG AS MODULNUMMER,
        MODUL.NAME AS MODULNAME,
        MODUL.KURZBESCHREIBUNG AS MODULBESCHREIBUNG,
        KLASSE.BEZEICHNUNG AS KLASSE
    FROM
        UNTERRICHT
            INNER JOIN
		LEHRER  ON UNTERRICHT.LEHRER_ID = LEHRER.ID
            INNER JOIN
        MODUL ON UNTERRICHT.MODUL_ID = MODUL.ID
            INNER JOIN
        KLASSE ON UNTERRICHT.KLASSE_ID = KLASSE.ID
		;

-- -----------------------------------------------------
-- View `NOTENVERWALTUNG`.`PRUEFUNG_VIEW`
-- -----------------------------------------------------
DROP VIEW IF EXISTS `NOTENVERWALTUNG`.`PRUEFUNG_VIEW` ;
DROP TABLE IF EXISTS `NOTENVERWALTUNG`.`PRUEFUNG_VIEW`;
USE `NOTENVERWALTUNG`;
CREATE  OR REPLACE VIEW `PRUEFUNG_VIEW` AS
	SELECT
 		PRUEFUNG.ID AS ID,
        PRUEFUNG.NAME AS P_NAME,
        PRUEFUNG.KURZBESCHREIBUNG AS P_KURZBESCH,
        PRUEFUNG.DATUM AS P_DATUM,
        LOGIN.LOGINNAME AS LOGIN,
        LEHRER.NAME AS NAME,
        LEHRER.VORNAME AS VNAME,
        MODUL.BEZEICHNUNG AS MODUL,
        KLASSE.BEZEICHNUNG AS KLASSE,
        UNTERRICHT.ID AS U_ID
    FROM
        PRUEFUNG
            INNER JOIN
		UNTERRICHT ON PRUEFUNG.UNTERRICHT_ID = UNTERRICHT.ID
			INNER JOIN
		LEHRER ON UNTERRICHT.LEHRER_ID = LEHRER.ID
            INNER JOIN
        MODUL ON UNTERRICHT.MODUL_ID = MODUL.ID
            INNER JOIN
        KLASSE ON UNTERRICHT.KLASSE_ID = KLASSE.ID
         	INNER JOIN
       LOGIN ON LEHRER.LOGIN_ID = LOGIN.ID
	;

SET SQL_MODE=@OLD_SQL_MODE;
SET FOREIGN_KEY_CHECKS=@OLD_FOREIGN_KEY_CHECKS;
SET UNIQUE_CHECKS=@OLD_UNIQUE_CHECKS;

-- -----------------------------------------------------
-- Data for table `NOTENVERWALTUNG`.`MODUL`
-- -----------------------------------------------------
START TRANSACTION;
USE `NOTENVERWALTUNG`;
INSERT INTO `NOTENVERWALTUNG`.`MODUL` (`ID`, `BEZEICHNUNG`, `NAME`, `KURZBESCHREIBUNG`) VALUES (1, '226A', 'Objektorientiert programmieren Teil 1', 'bli bla blub');
INSERT INTO `NOTENVERWALTUNG`.`MODUL` (`ID`, `BEZEICHNUNG`, `NAME`, `KURZBESCHREIBUNG`) VALUES (2, '226B', 'Objektorientiert programmieren Teil 2', 'bli bla blub2');
INSERT INTO `NOTENVERWALTUNG`.`MODUL` (`ID`, `BEZEICHNUNG`, `NAME`, `KURZBESCHREIBUNG`) VALUES (3, '129', 'Lan-Komponenten', 'dhfhdsfjlks');
INSERT INTO `NOTENVERWALTUNG`.`MODUL` (`ID`, `BEZEICHNUNG`, `NAME`, `KURZBESCHREIBUNG`) VALUES (4, '133', 'JavaScript', 'dafsfsdafsd');
INSERT INTO `NOTENVERWALTUNG`.`MODUL` (`ID`, `BEZEICHNUNG`, `NAME`, `KURZBESCHREIBUNG`) VALUES (5, '120', 'GUI-Programmierung', 'sdfdsfsdfsadfaf');
INSERT INTO `NOTENVERWALTUNG`.`MODUL` (`ID`, `BEZEICHNUNG`, `NAME`, `KURZBESCHREIBUNG`) VALUES (6, '301', 'Office Werkzeuge anwenden', 'sdfdsfsdfsadfaf');
INSERT INTO `NOTENVERWALTUNG`.`MODUL` (`ID`, `BEZEICHNUNG`, `NAME`, `KURZBESCHREIBUNG`) VALUES (7, '100', 'Daten charakterisieren, aufbereiten und auswerten', 'sdfdsfsdfsadfaf');
INSERT INTO `NOTENVERWALTUNG`.`MODUL` (`ID`, `BEZEICHNUNG`, `NAME`, `KURZBESCHREIBUNG`) VALUES (8, '104', 'Datenmodell implementieren', 'sdfdsfsdfsadfaf');
INSERT INTO `NOTENVERWALTUNG`.`MODUL` (`ID`, `BEZEICHNUNG`, `NAME`, `KURZBESCHREIBUNG`) VALUES (9, '101', 'Webauftritt erstellen und veröffentlichen', 'sdfdsfsdfsadfaf');
INSERT INTO `NOTENVERWALTUNG`.`MODUL` (`ID`, `BEZEICHNUNG`, `NAME`, `KURZBESCHREIBUNG`) VALUES (10, '403', 'Programmabläufe prozedural implementieren', 'sdfdsfsdfsadfaf');
INSERT INTO `NOTENVERWALTUNG`.`MODUL` (`ID`, `BEZEICHNUNG`, `NAME`, `KURZBESCHREIBUNG`) VALUES (11, '404', 'Objektbasiert programmieren nach Vorgaben', 'sdfdsfsdfsadfaf');
INSERT INTO `NOTENVERWALTUNG`.`MODUL` (`ID`, `BEZEICHNUNG`, `NAME`, `KURZBESCHREIBUNG`) VALUES (12, '431', 'Aufträge im IT-Umfeld selbständig durchführen', 'sdfdsfsdfsadfaf');

COMMIT;


-- -----------------------------------------------------
-- Data for table `NOTENVERWALTUNG`.`LOGIN`
-- -----------------------------------------------------
START TRANSACTION;
USE `NOTENVERWALTUNG`;
INSERT INTO `NOTENVERWALTUNG`.`LOGIN` (`ID`, `LOGINNAME`, `PASSWORT`, `ADMIN`) VALUES (1, 'admin', 'admin', true);
INSERT INTO `NOTENVERWALTUNG`.`LOGIN` (`ID`, `LOGINNAME`, `PASSWORT`, `ADMIN`) VALUES (2, 'alemo', 'alemo', false);
INSERT INTO `NOTENVERWALTUNG`.`LOGIN` (`ID`, `LOGINNAME`, `PASSWORT`, `ADMIN`) VALUES (3, 'rozau', 'rozau', false);
INSERT INTO `NOTENVERWALTUNG`.`LOGIN` (`ID`, `LOGINNAME`, `PASSWORT`, `ADMIN`) VALUES (4, 'paweb', 'paweb', false);
INSERT INTO `NOTENVERWALTUNG`.`LOGIN` (`ID`, `LOGINNAME`, `PASSWORT`, `ADMIN`) VALUES (5, 'beduc', 'beduc', false);
INSERT INTO `NOTENVERWALTUNG`.`LOGIN` (`ID`, `LOGINNAME`, `PASSWORT`, `ADMIN`) VALUES (6, 'dikop', 'dikop', false);
INSERT INTO `NOTENVERWALTUNG`.`LOGIN` (`ID`, `LOGINNAME`, `PASSWORT`, `ADMIN`) VALUES (7, 'makro', 'makro', false);
INSERT INTO `NOTENVERWALTUNG`.`LOGIN` (`ID`, `LOGINNAME`, `PASSWORT`, `ADMIN`) VALUES (8, 'stmue', 'stmue', false);
INSERT INTO `NOTENVERWALTUNG`.`LOGIN` (`ID`, `LOGINNAME`, `PASSWORT`, `ADMIN`) VALUES (9, 'rosch', 'rosch', false);

COMMIT;


-- -----------------------------------------------------
-- Data for table `NOTENVERWALTUNG`.`LEHRER`
-- -----------------------------------------------------
START TRANSACTION;
USE `NOTENVERWALTUNG`;
INSERT INTO `NOTENVERWALTUNG`.`LEHRER` (`ID`, `NAME`, `VORNAME`, `LOGIN_ID`) VALUES (1, 'Moreno', 'Alexio', 2);
INSERT INTO `NOTENVERWALTUNG`.`LEHRER` (`ID`, `NAME`, `VORNAME`, `LOGIN_ID`) VALUES (2, 'Zaug', 'Roger', 3);
INSERT INTO `NOTENVERWALTUNG`.`LEHRER` (`ID`, `NAME`, `VORNAME`, `LOGIN_ID`) VALUES (3, 'Weber', 'Patrick', 4);
INSERT INTO `NOTENVERWALTUNG`.`LEHRER` (`ID`, `NAME`, `VORNAME`, `LOGIN_ID`) VALUES (4, 'Duc', 'Beatrice', 5);
INSERT INTO `NOTENVERWALTUNG`.`LEHRER` (`ID`, `NAME`, `VORNAME`, `LOGIN_ID`) VALUES (5, 'Kopp', 'Dieter', 6);
INSERT INTO `NOTENVERWALTUNG`.`LEHRER` (`ID`, `NAME`, `VORNAME`, `LOGIN_ID`) VALUES (6, 'Martin', 'Kropik', 7);
INSERT INTO `NOTENVERWALTUNG`.`LEHRER` (`ID`, `NAME`, `VORNAME`, `LOGIN_ID`) VALUES (7, 'Stephan', 'Müller', 8);
INSERT INTO `NOTENVERWALTUNG`.`LEHRER` (`ID`, `NAME`, `VORNAME`, `LOGIN_ID`) VALUES (8, 'Rolf', 'Schaub', 9);

COMMIT;


-- -----------------------------------------------------
-- Data for table `NOTENVERWALTUNG`.`KLASSE`
-- -----------------------------------------------------
START TRANSACTION;
USE `NOTENVERWALTUNG`;
INSERT INTO `NOTENVERWALTUNG`.`KLASSE` (`ID`, `BEZEICHNUNG`) VALUES (1, 'IAP14A');
INSERT INTO `NOTENVERWALTUNG`.`KLASSE` (`ID`, `BEZEICHNUNG`) VALUES (2, 'IAP14B');
INSERT INTO `NOTENVERWALTUNG`.`KLASSE` (`ID`, `BEZEICHNUNG`) VALUES (3, 'ISY14A');
INSERT INTO `NOTENVERWALTUNG`.`KLASSE` (`ID`, `BEZEICHNUNG`) VALUES (4, 'ISY14B');
INSERT INTO `NOTENVERWALTUNG`.`KLASSE` (`ID`, `BEZEICHNUNG`) VALUES (5, 'IBE14A');
INSERT INTO `NOTENVERWALTUNG`.`KLASSE` (`ID`, `BEZEICHNUNG`) VALUES (6, 'IBE14B');

COMMIT;


-- -----------------------------------------------------
-- Data for table `NOTENVERWALTUNG`.`UNTERRICHT`
-- -----------------------------------------------------
START TRANSACTION;
USE `NOTENVERWALTUNG`;
/*Modul 226A*/
INSERT INTO `NOTENVERWALTUNG`.`UNTERRICHT` (`ID`, `LEHRER_ID`, `KLASSE_ID`, `MODUL_ID`) VALUES (1, 2, 1, 1);
INSERT INTO `NOTENVERWALTUNG`.`UNTERRICHT` (`ID`, `LEHRER_ID`, `KLASSE_ID`, `MODUL_ID`) VALUES (2, 2, 2, 1);
INSERT INTO `NOTENVERWALTUNG`.`UNTERRICHT` (`ID`, `LEHRER_ID`, `KLASSE_ID`, `MODUL_ID`) VALUES (3, 2, 5, 1);
INSERT INTO `NOTENVERWALTUNG`.`UNTERRICHT` (`ID`, `LEHRER_ID`, `KLASSE_ID`, `MODUL_ID`) VALUES (4, 2, 6, 1);
/*Modul 226B*/
INSERT INTO `NOTENVERWALTUNG`.`UNTERRICHT` (`ID`, `LEHRER_ID`, `KLASSE_ID`, `MODUL_ID`) VALUES (5, 2, 1, 2);
INSERT INTO `NOTENVERWALTUNG`.`UNTERRICHT` (`ID`, `LEHRER_ID`, `KLASSE_ID`, `MODUL_ID`) VALUES (6, 2, 2, 2);
INSERT INTO `NOTENVERWALTUNG`.`UNTERRICHT` (`ID`, `LEHRER_ID`, `KLASSE_ID`, `MODUL_ID`) VALUES (7, 2, 5, 2);
INSERT INTO `NOTENVERWALTUNG`.`UNTERRICHT` (`ID`, `LEHRER_ID`, `KLASSE_ID`, `MODUL_ID`) VALUES (8, 2, 6, 2);
/*Modul 129*/
INSERT INTO `NOTENVERWALTUNG`.`UNTERRICHT` (`ID`, `LEHRER_ID`, `KLASSE_ID`, `MODUL_ID`) VALUES (9, 3, 1, 3);
INSERT INTO `NOTENVERWALTUNG`.`UNTERRICHT` (`ID`, `LEHRER_ID`, `KLASSE_ID`, `MODUL_ID`) VALUES (10, 3, 2, 3);
INSERT INTO `NOTENVERWALTUNG`.`UNTERRICHT` (`ID`, `LEHRER_ID`, `KLASSE_ID`, `MODUL_ID`) VALUES (11, 3, 3, 3);
INSERT INTO `NOTENVERWALTUNG`.`UNTERRICHT` (`ID`, `LEHRER_ID`, `KLASSE_ID`, `MODUL_ID`) VALUES (12, 3, 4, 3);
INSERT INTO `NOTENVERWALTUNG`.`UNTERRICHT` (`ID`, `LEHRER_ID`, `KLASSE_ID`, `MODUL_ID`) VALUES (13, 3, 5, 3);
INSERT INTO `NOTENVERWALTUNG`.`UNTERRICHT` (`ID`, `LEHRER_ID`, `KLASSE_ID`, `MODUL_ID`) VALUES (14, 3, 6, 3);
/*Modul 133*/
INSERT INTO `NOTENVERWALTUNG`.`UNTERRICHT` (`ID`, `LEHRER_ID`, `KLASSE_ID`, `MODUL_ID`) VALUES (15, 4, 1, 4);
INSERT INTO `NOTENVERWALTUNG`.`UNTERRICHT` (`ID`, `LEHRER_ID`, `KLASSE_ID`, `MODUL_ID`) VALUES (16, 4, 2, 4);
/*Modul 120*/
INSERT INTO `NOTENVERWALTUNG`.`UNTERRICHT` (`ID`, `LEHRER_ID`, `KLASSE_ID`, `MODUL_ID`) VALUES (17, 1, 1, 5);
INSERT INTO `NOTENVERWALTUNG`.`UNTERRICHT` (`ID`, `LEHRER_ID`, `KLASSE_ID`, `MODUL_ID`) VALUES (18, 1, 2, 5);
INSERT INTO `NOTENVERWALTUNG`.`UNTERRICHT` (`ID`, `LEHRER_ID`, `KLASSE_ID`, `MODUL_ID`) VALUES (19, 1, 5, 5);
INSERT INTO `NOTENVERWALTUNG`.`UNTERRICHT` (`ID`, `LEHRER_ID`, `KLASSE_ID`, `MODUL_ID`) VALUES (20, 1, 6, 5);
/*Modul 301*/
INSERT INTO `NOTENVERWALTUNG`.`UNTERRICHT` (`ID`, `LEHRER_ID`, `KLASSE_ID`, `MODUL_ID`) VALUES (21, 6, 1, 6);
INSERT INTO `NOTENVERWALTUNG`.`UNTERRICHT` (`ID`, `LEHRER_ID`, `KLASSE_ID`, `MODUL_ID`) VALUES (22, 6, 2, 6);
INSERT INTO `NOTENVERWALTUNG`.`UNTERRICHT` (`ID`, `LEHRER_ID`, `KLASSE_ID`, `MODUL_ID`) VALUES (23, 6, 3, 6);
INSERT INTO `NOTENVERWALTUNG`.`UNTERRICHT` (`ID`, `LEHRER_ID`, `KLASSE_ID`, `MODUL_ID`) VALUES (24, 6, 4, 6);
INSERT INTO `NOTENVERWALTUNG`.`UNTERRICHT` (`ID`, `LEHRER_ID`, `KLASSE_ID`, `MODUL_ID`) VALUES (25, 6, 5, 6);
INSERT INTO `NOTENVERWALTUNG`.`UNTERRICHT` (`ID`, `LEHRER_ID`, `KLASSE_ID`, `MODUL_ID`) VALUES (26, 6, 6, 6);
/*Modul 100*/
INSERT INTO `NOTENVERWALTUNG`.`UNTERRICHT` (`ID`, `LEHRER_ID`, `KLASSE_ID`, `MODUL_ID`) VALUES (27, 6, 1, 7);
INSERT INTO `NOTENVERWALTUNG`.`UNTERRICHT` (`ID`, `LEHRER_ID`, `KLASSE_ID`, `MODUL_ID`) VALUES (28, 6, 2, 7);
INSERT INTO `NOTENVERWALTUNG`.`UNTERRICHT` (`ID`, `LEHRER_ID`, `KLASSE_ID`, `MODUL_ID`) VALUES (29, 6, 3, 7);
INSERT INTO `NOTENVERWALTUNG`.`UNTERRICHT` (`ID`, `LEHRER_ID`, `KLASSE_ID`, `MODUL_ID`) VALUES (30, 6, 4, 7);
INSERT INTO `NOTENVERWALTUNG`.`UNTERRICHT` (`ID`, `LEHRER_ID`, `KLASSE_ID`, `MODUL_ID`) VALUES (31, 6, 5, 7);
INSERT INTO `NOTENVERWALTUNG`.`UNTERRICHT` (`ID`, `LEHRER_ID`, `KLASSE_ID`, `MODUL_ID`) VALUES (32, 6, 6, 7);
/*Modul 104*/
INSERT INTO `NOTENVERWALTUNG`.`UNTERRICHT` (`ID`, `LEHRER_ID`, `KLASSE_ID`, `MODUL_ID`) VALUES (33, 5, 1, 8);
INSERT INTO `NOTENVERWALTUNG`.`UNTERRICHT` (`ID`, `LEHRER_ID`, `KLASSE_ID`, `MODUL_ID`) VALUES (34, 5, 2, 8);
INSERT INTO `NOTENVERWALTUNG`.`UNTERRICHT` (`ID`, `LEHRER_ID`, `KLASSE_ID`, `MODUL_ID`) VALUES (35, 5, 3, 8);
INSERT INTO `NOTENVERWALTUNG`.`UNTERRICHT` (`ID`, `LEHRER_ID`, `KLASSE_ID`, `MODUL_ID`) VALUES (36, 5, 4, 8);
INSERT INTO `NOTENVERWALTUNG`.`UNTERRICHT` (`ID`, `LEHRER_ID`, `KLASSE_ID`, `MODUL_ID`) VALUES (37, 5, 5, 8);
INSERT INTO `NOTENVERWALTUNG`.`UNTERRICHT` (`ID`, `LEHRER_ID`, `KLASSE_ID`, `MODUL_ID`) VALUES (38, 5, 6, 8);
/*Modul 101*/
INSERT INTO `NOTENVERWALTUNG`.`UNTERRICHT` (`ID`, `LEHRER_ID`, `KLASSE_ID`, `MODUL_ID`) VALUES (39, 8, 1, 9);
INSERT INTO `NOTENVERWALTUNG`.`UNTERRICHT` (`ID`, `LEHRER_ID`, `KLASSE_ID`, `MODUL_ID`) VALUES (40, 8, 2, 9);
INSERT INTO `NOTENVERWALTUNG`.`UNTERRICHT` (`ID`, `LEHRER_ID`, `KLASSE_ID`, `MODUL_ID`) VALUES (41, 8, 3, 9);
INSERT INTO `NOTENVERWALTUNG`.`UNTERRICHT` (`ID`, `LEHRER_ID`, `KLASSE_ID`, `MODUL_ID`) VALUES (42, 8, 4, 9);
INSERT INTO `NOTENVERWALTUNG`.`UNTERRICHT` (`ID`, `LEHRER_ID`, `KLASSE_ID`, `MODUL_ID`) VALUES (43, 8, 5, 9);
INSERT INTO `NOTENVERWALTUNG`.`UNTERRICHT` (`ID`, `LEHRER_ID`, `KLASSE_ID`, `MODUL_ID`) VALUES (44, 8, 6, 9);
/*Modul 403*/
INSERT INTO `NOTENVERWALTUNG`.`UNTERRICHT` (`ID`, `LEHRER_ID`, `KLASSE_ID`, `MODUL_ID`) VALUES (45, 1, 1, 10);
INSERT INTO `NOTENVERWALTUNG`.`UNTERRICHT` (`ID`, `LEHRER_ID`, `KLASSE_ID`, `MODUL_ID`) VALUES (46, 1, 2, 10);
INSERT INTO `NOTENVERWALTUNG`.`UNTERRICHT` (`ID`, `LEHRER_ID`, `KLASSE_ID`, `MODUL_ID`) VALUES (47, 1, 3, 10);
INSERT INTO `NOTENVERWALTUNG`.`UNTERRICHT` (`ID`, `LEHRER_ID`, `KLASSE_ID`, `MODUL_ID`) VALUES (48, 1, 4, 10);
INSERT INTO `NOTENVERWALTUNG`.`UNTERRICHT` (`ID`, `LEHRER_ID`, `KLASSE_ID`, `MODUL_ID`) VALUES (49, 1, 5, 10);
INSERT INTO `NOTENVERWALTUNG`.`UNTERRICHT` (`ID`, `LEHRER_ID`, `KLASSE_ID`, `MODUL_ID`) VALUES (50, 1, 6, 10);
/*Modul 404*/
INSERT INTO `NOTENVERWALTUNG`.`UNTERRICHT` (`ID`, `LEHRER_ID`, `KLASSE_ID`, `MODUL_ID`) VALUES (51, 1, 1, 11);
INSERT INTO `NOTENVERWALTUNG`.`UNTERRICHT` (`ID`, `LEHRER_ID`, `KLASSE_ID`, `MODUL_ID`) VALUES (52, 1, 2, 11);
INSERT INTO `NOTENVERWALTUNG`.`UNTERRICHT` (`ID`, `LEHRER_ID`, `KLASSE_ID`, `MODUL_ID`) VALUES (53, 1, 3, 11);
INSERT INTO `NOTENVERWALTUNG`.`UNTERRICHT` (`ID`, `LEHRER_ID`, `KLASSE_ID`, `MODUL_ID`) VALUES (54, 1, 4, 11);
INSERT INTO `NOTENVERWALTUNG`.`UNTERRICHT` (`ID`, `LEHRER_ID`, `KLASSE_ID`, `MODUL_ID`) VALUES (55, 1, 5, 11);
INSERT INTO `NOTENVERWALTUNG`.`UNTERRICHT` (`ID`, `LEHRER_ID`, `KLASSE_ID`, `MODUL_ID`) VALUES (56, 1, 6, 11);
/*Modul 431*/
INSERT INTO `NOTENVERWALTUNG`.`UNTERRICHT` (`ID`, `LEHRER_ID`, `KLASSE_ID`, `MODUL_ID`) VALUES (57, 7, 1, 12);
INSERT INTO `NOTENVERWALTUNG`.`UNTERRICHT` (`ID`, `LEHRER_ID`, `KLASSE_ID`, `MODUL_ID`) VALUES (58, 7, 2, 12);
INSERT INTO `NOTENVERWALTUNG`.`UNTERRICHT` (`ID`, `LEHRER_ID`, `KLASSE_ID`, `MODUL_ID`) VALUES (59, 7, 3, 12);
INSERT INTO `NOTENVERWALTUNG`.`UNTERRICHT` (`ID`, `LEHRER_ID`, `KLASSE_ID`, `MODUL_ID`) VALUES (60, 7, 4, 12);
INSERT INTO `NOTENVERWALTUNG`.`UNTERRICHT` (`ID`, `LEHRER_ID`, `KLASSE_ID`, `MODUL_ID`) VALUES (61, 7, 5, 12);
INSERT INTO `NOTENVERWALTUNG`.`UNTERRICHT` (`ID`, `LEHRER_ID`, `KLASSE_ID`, `MODUL_ID`) VALUES (62, 7, 6, 12);

COMMIT;


-- -----------------------------------------------------
-- Data for table `NOTENVERWALTUNG`.`SCHUELER`
-- -----------------------------------------------------
START TRANSACTION;
USE `NOTENVERWALTUNG`;
INSERT INTO `NOTENVERWALTUNG`.`SCHUELER` (`ID`, `NAME`, `VORNAME`, `KLASSE_ID`) VALUES (1, 'Herzog', 'Colin', 1);
INSERT INTO `NOTENVERWALTUNG`.`SCHUELER` (`ID`, `NAME`, `VORNAME`, `KLASSE_ID`) VALUES (2, 'Erb', 'Flo', 1);
INSERT INTO `NOTENVERWALTUNG`.`SCHUELER` (`ID`, `NAME`, `VORNAME`, `KLASSE_ID`) VALUES (3, 'Grützner', 'Tim', 1);
INSERT INTO `NOTENVERWALTUNG`.`SCHUELER` (`ID`, `NAME`, `VORNAME`, `KLASSE_ID`) VALUES (4, 'Schlienger', 'Nadja', 1);
INSERT INTO `NOTENVERWALTUNG`.`SCHUELER` (`ID`, `NAME`, `VORNAME`, `KLASSE_ID`) VALUES (5, 'El Sayed', 'Waleed', 1);
INSERT INTO `NOTENVERWALTUNG`.`SCHUELER` (`ID`, `NAME`, `VORNAME`, `KLASSE_ID`) VALUES (6, 'Zehnder', 'Damian', 1);
INSERT INTO `NOTENVERWALTUNG`.`SCHUELER` (`ID`, `NAME`, `VORNAME`, `KLASSE_ID`) VALUES (7, 'Giss', 'Samuel', 2);
INSERT INTO `NOTENVERWALTUNG`.`SCHUELER` (`ID`, `NAME`, `VORNAME`, `KLASSE_ID`) VALUES (8, 'Dusku', 'Ganimet', 2);
INSERT INTO `NOTENVERWALTUNG`.`SCHUELER` (`ID`, `NAME`, `VORNAME`, `KLASSE_ID`) VALUES (9, 'Chachamathanana', 'Rithu', 2);
INSERT INTO `NOTENVERWALTUNG`.`SCHUELER` (`ID`, `NAME`, `VORNAME`, `KLASSE_ID`) VALUES (10, 'Wagner', 'Joel', 3);
INSERT INTO `NOTENVERWALTUNG`.`SCHUELER` (`ID`, `NAME`, `VORNAME`, `KLASSE_ID`) VALUES (11, 'Ungari', 'Steven', 3);
INSERT INTO `NOTENVERWALTUNG`.`SCHUELER` (`ID`, `NAME`, `VORNAME`, `KLASSE_ID`) VALUES (12, 'Weisskopf', 'Raphael', 3);
INSERT INTO `NOTENVERWALTUNG`.`SCHUELER` (`ID`, `NAME`, `VORNAME`, `KLASSE_ID`) VALUES (13, 'Pflugshaupt', 'Simon', 3);
INSERT INTO `NOTENVERWALTUNG`.`SCHUELER` (`ID`, `NAME`, `VORNAME`, `KLASSE_ID`) VALUES (14, 'Stöckli', 'Andrea', 3);
INSERT INTO `NOTENVERWALTUNG`.`SCHUELER` (`ID`, `NAME`, `VORNAME`, `KLASSE_ID`) VALUES (15, 'ISY14B', 'Schüler1', 4);
INSERT INTO `NOTENVERWALTUNG`.`SCHUELER` (`ID`, `NAME`, `VORNAME`, `KLASSE_ID`) VALUES (16, 'ISY14B', 'Schüler2', 4);
INSERT INTO `NOTENVERWALTUNG`.`SCHUELER` (`ID`, `NAME`, `VORNAME`, `KLASSE_ID`) VALUES (17, 'ISY14B', 'Schüler3', 4);
INSERT INTO `NOTENVERWALTUNG`.`SCHUELER` (`ID`, `NAME`, `VORNAME`, `KLASSE_ID`) VALUES (18, 'Bah', 'Joel', 5);
INSERT INTO `NOTENVERWALTUNG`.`SCHUELER` (`ID`, `NAME`, `VORNAME`, `KLASSE_ID`) VALUES (19, 'Schneider', 'Carmen', 5);
INSERT INTO `NOTENVERWALTUNG`.`SCHUELER` (`ID`, `NAME`, `VORNAME`, `KLASSE_ID`) VALUES (20, 'Speck', 'Andreas', 5);
INSERT INTO `NOTENVERWALTUNG`.`SCHUELER` (`ID`, `NAME`, `VORNAME`, `KLASSE_ID`) VALUES (21, 'IBE14B', 'Schüler1', 6);
INSERT INTO `NOTENVERWALTUNG`.`SCHUELER` (`ID`, `NAME`, `VORNAME`, `KLASSE_ID`) VALUES (22, 'IBE14B', 'Schüler2', 6);

COMMIT;


-- -----------------------------------------------------
-- Data for table `NOTENVERWALTUNG`.`ADMIN`
-- -----------------------------------------------------
START TRANSACTION;
USE `NOTENVERWALTUNG`;
INSERT INTO `NOTENVERWALTUNG`.`ADMIN` (`ID`, `NAME`, `VORNAME`, `LOGIN_ID`) VALUES (1, 'voms Schuel', 'Leiter', 1);
INSERT INTO `NOTENVERWALTUNG`.`ADMIN` (`ID`, `NAME`, `VORNAME`, `LOGIN_ID`) VALUES (2, 'Schaub', 'Rolf', 9);

COMMIT;


-- -----------------------------------------------------
-- Data for table `NOTENVERWALTUNG`.`PRUEFUNG`
-- -----------------------------------------------------
START TRANSACTION;
USE `NOTENVERWALTUNG`;
INSERT INTO `NOTENVERWALTUNG`.`PRUEFUNG` (`ID`, `NAME`, `KURZBESCHREIBUNG`, `DATUM`, `UNTERRICHT_ID`) VALUES (1, 'Test Arraylist', 'blibasdfasdf', CURDATE(), 1);
INSERT INTO `NOTENVERWALTUNG`.`PRUEFUNG` (`ID`, `NAME`, `KURZBESCHREIBUNG`, `DATUM`, `UNTERRICHT_ID`) VALUES (2, 'Test UML', 'blibasdfasdf', CURDATE(), 1);
INSERT INTO `NOTENVERWALTUNG`.`PRUEFUNG` (`ID`, `NAME`, `KURZBESCHREIBUNG`, `DATUM`, `UNTERRICHT_ID`) VALUES (3, 'Test Polymorphie', 'blibasdfasdf', CURDATE(), 1);
INSERT INTO `NOTENVERWALTUNG`.`PRUEFUNG` (`ID`, `NAME`, `KURZBESCHREIBUNG`, `DATUM`, `UNTERRICHT_ID`) VALUES (4, 'Test Arraylist', 'blibasdfasdf', CURDATE(), 2);
INSERT INTO `NOTENVERWALTUNG`.`PRUEFUNG` (`ID`, `NAME`, `KURZBESCHREIBUNG`, `DATUM`, `UNTERRICHT_ID`) VALUES (5, 'Test UML', 'blibasdfasdf', CURDATE(), 2);
INSERT INTO `NOTENVERWALTUNG`.`PRUEFUNG` (`ID`, `NAME`, `KURZBESCHREIBUNG`, `DATUM`, `UNTERRICHT_ID`) VALUES (6, 'Test Polymorphie', 'blibasdfasdf', CURDATE(), 2);
INSERT INTO `NOTENVERWALTUNG`.`PRUEFUNG` (`ID`, `NAME`, `KURZBESCHREIBUNG`, `DATUM`, `UNTERRICHT_ID`) VALUES (7, 'Test Arraylist', 'blibasdfasdf', CURDATE(), 3);
INSERT INTO `NOTENVERWALTUNG`.`PRUEFUNG` (`ID`, `NAME`, `KURZBESCHREIBUNG`, `DATUM`, `UNTERRICHT_ID`) VALUES (8, 'Test UML', 'blibasdfasdf', CURDATE(), 3);
INSERT INTO `NOTENVERWALTUNG`.`PRUEFUNG` (`ID`, `NAME`, `KURZBESCHREIBUNG`, `DATUM`, `UNTERRICHT_ID`) VALUES (9, 'Test Polymorphie', 'blibasdfasdf', CURDATE(), 3);
INSERT INTO `NOTENVERWALTUNG`.`PRUEFUNG` (`ID`, `NAME`, `KURZBESCHREIBUNG`, `DATUM`, `UNTERRICHT_ID`) VALUES (10, 'Test Arraylist', 'blibasdfasdf', CURDATE(), 4);
INSERT INTO `NOTENVERWALTUNG`.`PRUEFUNG` (`ID`, `NAME`, `KURZBESCHREIBUNG`, `DATUM`, `UNTERRICHT_ID`) VALUES (11, 'Test UML', 'blibasdfasdf', CURDATE(), 4);
INSERT INTO `NOTENVERWALTUNG`.`PRUEFUNG` (`ID`, `NAME`, `KURZBESCHREIBUNG`, `DATUM`, `UNTERRICHT_ID`) VALUES (12, 'Test Polymorphie', 'blibasdfasdf', CURDATE(), 4);

COMMIT;


-- -----------------------------------------------------
-- Data for table `NOTENVERWALTUNG`.`PRUEFUNG`
-- -----------------------------------------------------
START TRANSACTION;
USE `NOTENVERWALTUNG`;
-- Noten IAP14A
INSERT INTO `NOTENVERWALTUNG`.`SCHUELERPRUEFUNGSASSOZIATION`(`PRUEFUNG_ID`, `SCHUELER_ID`, `NOTE`) VALUES (1, 1, 5.1);
INSERT INTO `NOTENVERWALTUNG`.`SCHUELERPRUEFUNGSASSOZIATION`(`PRUEFUNG_ID`, `SCHUELER_ID`, `NOTE`) VALUES (1, 2, 3.8);
INSERT INTO `NOTENVERWALTUNG`.`SCHUELERPRUEFUNGSASSOZIATION`(`PRUEFUNG_ID`, `SCHUELER_ID`, `NOTE`) VALUES (1, 3, 5.6);
INSERT INTO `NOTENVERWALTUNG`.`SCHUELERPRUEFUNGSASSOZIATION`(`PRUEFUNG_ID`, `SCHUELER_ID`, `NOTE`) VALUES (1, 4, 4.2);
INSERT INTO `NOTENVERWALTUNG`.`SCHUELERPRUEFUNGSASSOZIATION`(`PRUEFUNG_ID`, `SCHUELER_ID`, `NOTE`) VALUES (1, 5, 5.4);
INSERT INTO `NOTENVERWALTUNG`.`SCHUELERPRUEFUNGSASSOZIATION`(`PRUEFUNG_ID`, `SCHUELER_ID`, `NOTE`) VALUES (1, 6, 5.5);

INSERT INTO `NOTENVERWALTUNG`.`SCHUELERPRUEFUNGSASSOZIATION`(`PRUEFUNG_ID`, `SCHUELER_ID`, `NOTE`) VALUES (2, 1, 4.8);
INSERT INTO `NOTENVERWALTUNG`.`SCHUELERPRUEFUNGSASSOZIATION`(`PRUEFUNG_ID`, `SCHUELER_ID`, `NOTE`) VALUES (2, 2, 4.2);
INSERT INTO `NOTENVERWALTUNG`.`SCHUELERPRUEFUNGSASSOZIATION`(`PRUEFUNG_ID`, `SCHUELER_ID`, `NOTE`) VALUES (2, 3, 4.7);
INSERT INTO `NOTENVERWALTUNG`.`SCHUELERPRUEFUNGSASSOZIATION`(`PRUEFUNG_ID`, `SCHUELER_ID`, `NOTE`) VALUES (2, 4, 5.2);
INSERT INTO `NOTENVERWALTUNG`.`SCHUELERPRUEFUNGSASSOZIATION`(`PRUEFUNG_ID`, `SCHUELER_ID`, `NOTE`) VALUES (2, 5, 3.7);
INSERT INTO `NOTENVERWALTUNG`.`SCHUELERPRUEFUNGSASSOZIATION`(`PRUEFUNG_ID`, `SCHUELER_ID`, `NOTE`) VALUES (2, 6, 4.9);

INSERT INTO `NOTENVERWALTUNG`.`SCHUELERPRUEFUNGSASSOZIATION`(`PRUEFUNG_ID`, `SCHUELER_ID`, `NOTE`) VALUES (3, 1, 5.5);
INSERT INTO `NOTENVERWALTUNG`.`SCHUELERPRUEFUNGSASSOZIATION`(`PRUEFUNG_ID`, `SCHUELER_ID`, `NOTE`) VALUES (3, 2, 5.3);
INSERT INTO `NOTENVERWALTUNG`.`SCHUELERPRUEFUNGSASSOZIATION`(`PRUEFUNG_ID`, `SCHUELER_ID`, `NOTE`) VALUES (3, 3, 5.9);
INSERT INTO `NOTENVERWALTUNG`.`SCHUELERPRUEFUNGSASSOZIATION`(`PRUEFUNG_ID`, `SCHUELER_ID`, `NOTE`) VALUES (3, 4, 4.9);
INSERT INTO `NOTENVERWALTUNG`.`SCHUELERPRUEFUNGSASSOZIATION`(`PRUEFUNG_ID`, `SCHUELER_ID`, `NOTE`) VALUES (3, 5, 4.1);
INSERT INTO `NOTENVERWALTUNG`.`SCHUELERPRUEFUNGSASSOZIATION`(`PRUEFUNG_ID`, `SCHUELER_ID`, `NOTE`) VALUES (3, 6, 5.0);

-- Noten IAP14B
INSERT INTO `NOTENVERWALTUNG`.`SCHUELERPRUEFUNGSASSOZIATION`(`PRUEFUNG_ID`, `SCHUELER_ID`, `NOTE`) VALUES (4, 7, 5.9);
INSERT INTO `NOTENVERWALTUNG`.`SCHUELERPRUEFUNGSASSOZIATION`(`PRUEFUNG_ID`, `SCHUELER_ID`, `NOTE`) VALUES (4, 8, 4.9);
INSERT INTO `NOTENVERWALTUNG`.`SCHUELERPRUEFUNGSASSOZIATION`(`PRUEFUNG_ID`, `SCHUELER_ID`, `NOTE`) VALUES (4, 9, 4.1);

INSERT INTO `NOTENVERWALTUNG`.`SCHUELERPRUEFUNGSASSOZIATION`(`PRUEFUNG_ID`, `SCHUELER_ID`, `NOTE`) VALUES (5, 7, 5.1);
INSERT INTO `NOTENVERWALTUNG`.`SCHUELERPRUEFUNGSASSOZIATION`(`PRUEFUNG_ID`, `SCHUELER_ID`, `NOTE`) VALUES (5, 8, 3.8);
INSERT INTO `NOTENVERWALTUNG`.`SCHUELERPRUEFUNGSASSOZIATION`(`PRUEFUNG_ID`, `SCHUELER_ID`, `NOTE`) VALUES (5, 9, 5.6);
                                                                                                              
INSERT INTO `NOTENVERWALTUNG`.`SCHUELERPRUEFUNGSASSOZIATION`(`PRUEFUNG_ID`, `SCHUELER_ID`, `NOTE`) VALUES (6, 7, 4.7);
INSERT INTO `NOTENVERWALTUNG`.`SCHUELERPRUEFUNGSASSOZIATION`(`PRUEFUNG_ID`, `SCHUELER_ID`, `NOTE`) VALUES (6, 8, 5.2);
INSERT INTO `NOTENVERWALTUNG`.`SCHUELERPRUEFUNGSASSOZIATION`(`PRUEFUNG_ID`, `SCHUELER_ID`, `NOTE`) VALUES (6, 9, 3.7);
                                                                                                              
-- Noten IBE14A
INSERT INTO `NOTENVERWALTUNG`.`SCHUELERPRUEFUNGSASSOZIATION`(`PRUEFUNG_ID`, `SCHUELER_ID`, `NOTE`) VALUES (7, 18, 5.5);
INSERT INTO `NOTENVERWALTUNG`.`SCHUELERPRUEFUNGSASSOZIATION`(`PRUEFUNG_ID`, `SCHUELER_ID`, `NOTE`) VALUES (7, 19, 5.3);
INSERT INTO `NOTENVERWALTUNG`.`SCHUELERPRUEFUNGSASSOZIATION`(`PRUEFUNG_ID`, `SCHUELER_ID`, `NOTE`) VALUES (7, 20, 5.9);

INSERT INTO `NOTENVERWALTUNG`.`SCHUELERPRUEFUNGSASSOZIATION`(`PRUEFUNG_ID`, `SCHUELER_ID`, `NOTE`) VALUES (8, 18, 5.6);
INSERT INTO `NOTENVERWALTUNG`.`SCHUELERPRUEFUNGSASSOZIATION`(`PRUEFUNG_ID`, `SCHUELER_ID`, `NOTE`) VALUES (8, 19, 4.2);
INSERT INTO `NOTENVERWALTUNG`.`SCHUELERPRUEFUNGSASSOZIATION`(`PRUEFUNG_ID`, `SCHUELER_ID`, `NOTE`) VALUES (8, 20, 5.4);
                                                                                                              
INSERT INTO `NOTENVERWALTUNG`.`SCHUELERPRUEFUNGSASSOZIATION`(`PRUEFUNG_ID`, `SCHUELER_ID`, `NOTE`) VALUES (9, 18, 5.2);
INSERT INTO `NOTENVERWALTUNG`.`SCHUELERPRUEFUNGSASSOZIATION`(`PRUEFUNG_ID`, `SCHUELER_ID`, `NOTE`) VALUES (9, 19, 3.7);
INSERT INTO `NOTENVERWALTUNG`.`SCHUELERPRUEFUNGSASSOZIATION`(`PRUEFUNG_ID`, `SCHUELER_ID`, `NOTE`) VALUES (9, 20, 4.9);
                                                                                                              
-- Noten IBE14B
INSERT INTO `NOTENVERWALTUNG`.`SCHUELERPRUEFUNGSASSOZIATION`(`PRUEFUNG_ID`, `SCHUELER_ID`, `NOTE`) VALUES (10, 21, 5.5);
INSERT INTO `NOTENVERWALTUNG`.`SCHUELERPRUEFUNGSASSOZIATION`(`PRUEFUNG_ID`, `SCHUELER_ID`, `NOTE`) VALUES (10, 22, 5.3);

INSERT INTO `NOTENVERWALTUNG`.`SCHUELERPRUEFUNGSASSOZIATION`(`PRUEFUNG_ID`, `SCHUELER_ID`, `NOTE`) VALUES (11, 21, 5.6);
INSERT INTO `NOTENVERWALTUNG`.`SCHUELERPRUEFUNGSASSOZIATION`(`PRUEFUNG_ID`, `SCHUELER_ID`, `NOTE`) VALUES (11, 22, 4.2);
                                                                                                              
INSERT INTO `NOTENVERWALTUNG`.`SCHUELERPRUEFUNGSASSOZIATION`(`PRUEFUNG_ID`, `SCHUELER_ID`, `NOTE`) VALUES (12, 21, 5.2);
INSERT INTO `NOTENVERWALTUNG`.`SCHUELERPRUEFUNGSASSOZIATION`(`PRUEFUNG_ID`, `SCHUELER_ID`, `NOTE`) VALUES (12, 22, 3.7);

COMMIT;


-- -----------------------------------------------------
-- Creating User and granting rights
-- -----------------------------------------------------
CREATE USER 'dbUser'@'localhost' IDENTIFIED BY 'pw4DB';
GRANT SELECT, INSERT, UPDATE, DELETE ON `notenverwaltung`.* TO 'dbUser'@'localhost';
FLUSH PRIVILEGES;